year,player,team,age,att,yac_att,brk_rate,ybc_att,ol_adj_ybc,ypc_above_team
2018,Ezekiel Elliott,DAL,23,304,1.9572,0.0625,2.7599,0.1864,0.2623
2018,Saquon Barkley,NYG,21,261,2.8199,0.1149,2.1877,0.1324,0.3154
2018,David Johnson,ARI,27,258,1.5853,0.0349,2.0581,0.0363,0.0465
2018,Todd Gurley,LAR,24,256,2.4102,0.0664,2.4766,0.0264,-0.1133
2018,Adrian Peterson,WAS,33,251,1.8725,0.0797,2.2789,-0.1071,-0.0127
2018,Jordan Howard,CHI,24,250,1.968,0.032,1.772,-0.2822,-0.0947
2018,Chris Carson,SEA,24,247,2.4089,0.0931,2.251,-0.321,0.0213
2018,Joe Mixon,CIN,22,237,2.2532,0.0253,2.6751,0.1442,0.3257
2018,Peyton Barber,TAM,24,234,1.9103,0.0855,1.812,0.0653,0.1749
2018,Christian McCaffrey,CAR,22,219,2.1233,0.0685,2.8904,0.2274,0.2957
2018,James Conner,PIT,23,215,2.0977,0.093,2.4279,0.099,0.1635
2018,Derrick Henry,TEN,24,215,3.0512,0.1581,1.8744,0.0669,0.6689
2018,Lamar Miller,HOU,27,210,2.3857,0.0524,2.2476,0.1277,0.6252
2018,Sony Michel,NWE,23,209,2.0766,0.0526,2.378,-0.1129,0.1778
2018,Marlon Mack,IND,22,195,2.1436,0.0513,2.5128,0.0301,0.1133
2018,Alvin Kamara,NOR,23,194,2.1598,0.1082,2.3918,0.185,-0.0118
2018,Nick Chubb,CLE,23,192,3.1146,0.1146,2.0729,0.3417,0.6239
2018,Phillip Lindsay,DEN,24,192,1.5625,0.0521,3.8385,0.9621,0.5106
2018,Kareem Hunt,KAN,23,181,2.4144,0.0994,2.1381,-0.2398,-0.0529
2018,Melvin Gordon,LAC,25,175,2.7486,0.12,2.3086,0.1448,0.1039
2018,Doug Martin,OAK,29,172,2.0174,0.0581,2.186,0.3878,-0.0415
2018,Carlos Hyde,CLE,28,114,2.4123,0.1228,0.9386,-0.7926,-1.2127
2018,Tevin Coleman,ATL,25,167,1.8144,0.0359,2.976,0.176,0.2404
2018,LeSean McCoy,BUF,30,161,1.4099,0.0124,1.7826,0.1866,-0.3261
2018,Frank Gore,MIA,35,156,2.3654,0.0705,2.2628,-0.4247,-0.1812
2018,Dion Lewis,TEN,28,155,1.6645,0.1032,1.671,-0.1365,-0.9212
2018,LeGarrette Blount,DET,32,154,1.6104,0.0455,1.1039,-0.9396,-1.3509
2018,Matt Breida,SFO,23,153,2.0784,0.0784,3.2418,0.5468,0.4604
2018,Alfred Blue,HOU,27,150,1.28,0.0467,2.0467,-0.0732,-0.6815
2018,Isaiah Crowell,NYJ,25,143,2.6993,0.0839,2.0909,0.3247,0.7451
2018,Latavius Murray,MIN,28,140,2.0643,0.0571,2.0643,-0.2008,-0.16
2018,Mark Ingram,NOR,29,138,2.6884,0.1304,1.9855,-0.2212,0.1106
2018,Gus Edwards,BAL,23,137,2.6423,0.0511,2.5985,0.5985,0.7763
2018,Dalvin Cook,MIN,23,133,1.9774,0.0752,2.6466,0.3815,0.3355
2018,Leonard Fournette,JAX,23,133,1.6992,0.0226,1.6015,-0.2308,-0.1749
2018,Aaron Jones,GNB,24,133,1.9248,0.0451,3.5489,0.792,0.7913
2018,Royce Freeman,DEN,22,130,2.5154,0.1231,1.4923,-1.3841,-0.8828
2018,Jamaal Williams,GNB,23,121,1.9256,0.0413,1.9091,-0.8478,-0.8476
2018,Josh Adams,PHI,22,120,2.125,0.0667,2.1333,0.0015,0.138
2018,Kenyan Drake,MIA,24,120,2.0417,0.075,2.4167,-0.2708,-0.351
2018,Kerryon Johnson,DET,21,118,2.2458,0.1186,3.1864,1.143,1.367
2018,Chris Ivory,BUF,30,115,2.3391,0.0696,1.0087,-0.5873,-0.1708
2018,Alex Collins,BAL,24,114,1.9123,0.0877,1.693,-0.307,-0.8593
2018,Mike Davis,SEA,25,112,1.6607,0.0625,2.9286,0.3565,-0.0493
2018,Alfred Morris,SFO,30,111,1.955,0.0811,1.9009,-0.7942,-1.004
2018,Austin Ekeler,LAC,23,106,3.283,0.0849,1.9434,-0.2203,0.2732
2018,T.J. Yeldon,JAX,25,104,1.7788,0.0481,2.2019,0.3696,0.5052
2019,Derrick Henry,TEN,25,303,3.1947,0.0957,1.8878,0.0644,0.2591
2019,Ezekiel Elliott,DAL,24,301,2.2558,0.0797,2.2525,0.1233,-0.1739
2019,Nick Chubb,CLE,24,298,2.9597,0.1074,2.0537,0.0118,0.1447
2019,Christian McCaffrey,CAR,23,287,1.7875,0.0557,3.0453,-0.0906,-0.0669
2019,Chris Carson,SEA,25,278,2.6403,0.1007,1.7842,-0.2941,-0.1715
2019,Joe Mixon,CIN,23,278,2.3201,0.0863,1.7698,0.084,0.1413
2019,Leonard Fournette,JAX,24,265,2.9887,0.0604,1.3585,0.0996,0.1821
2019,Dalvin Cook,MIN,24,250,2.384,0.08,2.156,-0.1568,-0.1638
2019,Marlon Mack,IND,23,247,2.0243,0.0486,2.3927,0.0093,-0.1745
2019,Sony Michel,NWE,24,247,1.583,0.0648,2.1093,-0.1407,-0.2077
2019,Le'Veon Bell,NYJ,27,245,2.049,0.0653,1.1714,-0.0273,-0.0809
2019,Carlos Hyde,HOU,29,245,2.2245,0.0898,2.1429,-0.0004,-0.1063
2019,Josh Jacobs,OAK,21,242,2.8223,0.1074,1.9298,0.0197,0.4282
2019,David Montgomery,CHI,22,242,1.624,0.1157,2.0496,0.0151,0.1156
2019,Aaron Jones,GNB,25,236,2.1822,0.1356,2.411,0.0149,0.1494
2019,Phillip Lindsay,DEN,25,224,1.8214,0.1295,2.692,0.3326,0.2878
2019,Todd Gurley,LAR,25,223,1.6771,0.0942,2.1659,0.124,0.0466
2019,Saquon Barkley,NYG,22,217,2.788,0.0737,1.8341,0.0866,0.373
2019,Adrian Peterson,WAS,34,211,2.4834,0.0332,1.7725,0.0074,-0.0965
2019,Mark Ingram,BAL,30,202,2.5941,0.0891,2.4455,0.0242,0.0777
2019,Devonta Freeman,ATL,27,184,1.5924,0.0598,1.9728,-0.0981,-0.1864
2019,Miles Sanders,PHI,22,179,2.0838,0.0894,2.486,0.2244,0.2071
2019,Ronald Jones II,TAM,22,172,2.4128,0.1337,1.7965,0.2594,0.6158
2019,Alvin Kamara,NOR,24,171,2.345,0.1696,2.3158,-0.1046,0.1113
2019,Kenyan Drake,ARI,25,123,2.0081,0.065,3.2195,0.5409,0.6134
2019,Frank Gore,BUF,36,166,2.0422,0.0602,1.5663,-0.4753,-0.6646
2019,Melvin Gordon,LAC,26,162,1.8519,0.0494,1.9259,-0.041,-0.3934
2019,Peyton Barber,TAM,25,154,1.7273,0.0519,1.3247,-0.2124,-0.5415
2019,Devin Singletary,BUF,22,151,2.3974,0.1325,2.7351,0.6936,0.8595
2019,Latavius Murray,NOR,29,146,1.6918,0.0753,2.6712,0.2508,-0.1865
2019,Tevin Coleman,SFO,26,137,1.3869,0.0365,2.5839,-0.475,-0.85
2019,Raheem Mostert,SFO,27,137,2.1679,0.0876,3.4672,0.4082,0.8143
2019,Gus Edwards,BAL,24,133,2.8271,0.0526,2.5188,0.0975,0.3839
2019,Austin Ekeler,LAC,24,132,2.4545,0.0909,1.7652,-0.2018,0.0485
2019,Royce Freeman,DEN,23,132,1.9091,0.0606,1.8485,-0.5108,-0.4681
2019,Matt Breida,SFO,24,123,1.7967,0.065,3.2683,0.2093,0.2443
2019,Jordan Howard,PHI,25,119,2.3697,0.0336,2.042,-0.2196,0.0491
2019,James Conner,PIT,24,116,2.2845,0.0431,1.7155,0.3725,0.2616
2019,Kerryon Johnson,DET,22,113,2,0.0708,1.5664,-0.2438,-0.3571
2019,Damien Williams,KAN,27,111,3.2162,0.1351,1.2703,-0.5791,0.3326
2019,Benny Snell Jr.,PIT,21,108,2.787,0.0648,1.1574,-0.1856,0.2061
2019,DeAndre Washington,OAK,26,108,1.8611,0.0463,1.7222,-0.1878,-0.7406
2019,Jamaal Williams,GNB,24,107,1.7757,0.0467,2.5234,0.1273,-0.1448
2019,LeSean McCoy,KAN,31,101,1.9802,0.0495,2.6238,0.7744,0.4501
2019,Alexander Mattison,MIN,21,100,1.95,0.11,2.67,0.3572,-0.0838
2020,Derrick Henry,TEN,26,378,2.8386,0.0899,2.5238,0.0746,0.2026
2020,Dalvin Cook,MIN,25,312,2.4231,0.1058,2.5673,0.1013,0.0911
2020,Josh Jacobs,LVR,22,273,1.978,0.0733,1.9231,-0.2114,-0.2233
2020,David Montgomery,CHI,23,247,2.3887,0.1174,1.9433,-0.0789,-0.031
2020,Ezekiel Elliott,DAL,25,244,2.1352,0.0615,1.877,0.0106,-0.0729
2020,James Robinson,JAX,22,240,2.5625,0.0667,1.8958,-0.033,0.0455
2020,Kenyan Drake,ARI,26,239,1.6987,0.0669,2.2971,-0.0994,-0.161
2020,Jonathan Taylor,IND,21,232,2.0647,0.0647,2.9741,0.3433,0.4349
2020,Melvin Gordon,DEN,27,215,2.1209,0.0744,2.4651,-0.0833,0.0995
2020,Aaron Jones,GNB,26,201,2.9453,0.0697,2.5473,0.0696,0.4374
2020,Kareem Hunt,CLE,25,198,2.3485,0.0909,1.899,-0.5431,-0.6738
2020,Todd Gurley,ATL,26,195,1.7897,0.0974,1.6872,-0.299,-0.4402
2020,Ronald Jones II,TAM,23,192,3.0417,0.0521,2.0521,0.0582,0.5245
2020,Nick Chubb,CLE,25,190,2.6895,0.1105,2.9263,0.4842,0.6945
2020,Frank Gore,NYJ,37,187,2,0.0428,1.492,-0.3563,-0.3929
2020,Alvin Kamara,NOR,25,187,2.1711,0.1016,2.8128,0.206,0.3287
2020,Clyde Edwards-Helaire,KAN,21,181,2.1215,0.0829,2.3149,0.0491,0.2086
2020,Antonio Gibson,WAS,22,170,2.0471,0.1176,2.6294,0.4202,0.6134
2020,James Conner,PIT,25,169,1.9882,0.1006,2.2781,0.3247,0.4464
2020,Mike Davis,CAR,27,165,2.4121,0.1273,1.4788,-0.1902,-0.029
2020,Miles Sanders,PHI,23,164,2.2561,0.0549,3.0305,0.2823,0.4305
2020,Adrian Peterson,DET,35,156,1.6538,0.0705,2.2179,-0.2526,-0.187
2020,Devin Singletary,BUF,23,156,2.8782,0.0577,1.5256,-0.2502,-0.0824
2020,Wayne Gallman,NYG,26,147,2.4626,0.068,2.1769,0.2124,0.5878
2020,David Johnson,HOU,29,147,1.966,0.0476,2.7347,0.4212,0.661
2020,Latavius Murray,NOR,30,146,2.0068,0.0274,2.4863,-0.1205,-0.1621
2020,Cam Akers,LAR,21,145,2.0966,0.0414,2.2138,-0.2185,-0.0334
2020,Gus Edwards,BAL,25,144,2.7014,0.0764,2.3194,-0.3132,-0.1919
2020,Myles Gaskin,MIA,23,142,2.0211,0.0423,2.0915,-0.2737,0.2054
2020,Chris Carson,SEA,26,141,2.1702,0.0709,2.6596,0.3558,0.4785
2020,Darrell Henderson,LAR,23,138,2.0435,0.058,2.4783,0.046,0.178
2020,Damien Harris,NWE,23,137,1.9124,0.0876,3.1314,0.4921,0.2197
2020,J.K. Dobbins,BAL,22,134,2.9403,0.0522,3.0672,0.4346,0.7948
2020,Jeff Wilson,SFO,25,126,2.1667,0.0714,2.5952,0.02,0.4242
2020,Giovani Bernard,CIN,29,124,1.8306,0.0645,1.5242,-0.3373,-0.5668
2020,Joe Mixon,CIN,24,119,1.6975,0.0252,1.8992,0.0377,-0.325
2020,Jamaal Williams,GNB,25,119,1.916,0.042,2.3277,-0.15,-0.8114
2020,Phillip Lindsay,DEN,26,118,1.5763,0.0424,2.678,0.1296,-0.2323
2020,Austin Ekeler,LAC,25,116,2.2155,0.1121,2.3534,0.2198,0.6615
2020,D'Andre Swift,DET,21,114,1.6667,0.0789,2.9035,0.4329,0.5114
2020,Zack Moss,BUF,23,112,2.4464,0.1161,1.8482,0.0724,-0.1916
2020,Joshua Kelley,LAC,23,111,1.5315,0.0631,1.6577,-0.476,-0.7183
2020,Benny Snell Jr.,PIT,22,111,1.8739,0.0541,1.4414,-0.512,-0.5046
2020,Raheem Mostert,SFO,28,104,1.6827,0.0481,3.3269,0.7517,0.6719
2020,Malcolm Brown,LAR,27,101,1.4653,0.0693,2.6832,0.2509,-0.1952
2020,Tony Pollard,DAL,23,101,2.4653,0.0792,1.8416,-0.0249,0.2217
2020,Brian Hill,ATL,25,100,2.57,0.06,2.08,0.0938,0.7329
2021,Jonathan Taylor,IND,22,332,2.8343,0.0753,2.6205,0.0727,0.2823
2021,Najee Harris,PIT,23,307,2.1987,0.0977,1.7101,0.0397,0.1742
2021,Joe Mixon,CIN,25,292,1.8596,0.0685,2.2671,0.0112,-0.0395
2021,Antonio Gibson,WAS,23,258,1.9496,0.0736,2.0698,-0.059,-0.069
2021,Dalvin Cook,MIN,26,249,1.9317,0.0643,2.7229,0.3606,0.3345
2021,Alvin Kamara,NOR,26,240,1.4542,0.0917,2.2875,0.2657,0.164
2021,Ezekiel Elliott,DAL,26,237,1.7257,0.038,2.5021,-0.1522,-0.4487
2021,Nick Chubb,CLE,26,228,3.0351,0.1009,2.4868,-0.0289,0.2023
2021,David Montgomery,CHI,24,225,1.8533,0.0711,1.92,-0.248,-0.1562
2021,Derrick Henry,TEN,27,219,2.2237,0.0457,2.0548,-0.1522,-0.0859
2021,Josh Jacobs,LVR,23,217,2.0369,0.0922,1.9816,-0.1402,-0.0019
2021,Sony Michel,LAR,26,208,1.9231,0.0769,2.1394,-0.1759,-0.1343
2021,Elijah Mitchell,SFO,23,207,2.4879,0.0773,2.1643,-0.1403,0.2757
2021,Austin Ekeler,LAC,26,206,2.1068,0.0631,2.3155,-0.1305,0.1541
2021,Melvin Gordon,DEN,28,203,2.2463,0.0985,2.2759,0.0023,0.0113
2021,Javonte Williams,DEN,21,203,2.266,0.1527,2.1823,-0.0913,-0.0626
2021,James Conner,ARI,26,202,2.0842,0.0941,1.6386,-0.6301,-0.4185
2021,Damien Harris,NWE,24,202,2.2772,0.0743,2.3218,0.1674,0.099
2021,Devin Singletary,BUF,24,188,2.3457,0.0691,2.2819,0.1755,0.3051
2021,AJ Dillon,GNB,23,187,2.1765,0.0909,2.1176,-0.1151,-0.0921
2021,Leonard Fournette,TAM,26,180,2.3111,0.0611,2.2,-0.0107,0.0719
2021,Myles Gaskin,MIA,24,173,1.4335,0.0405,2.104,0.1743,-0.0813
2021,Chuba Hubbard,CAR,22,172,1.8895,0.0523,1.6686,-0.1741,-0.2134
2021,Aaron Jones,GNB,27,171,2.2807,0.0702,2.3918,0.1591,0.2863
2021,James Robinson,JAX,23,164,1.9329,0.0671,2.7439,0.3723,0.4809
2021,Saquon Barkley,NYG,24,162,1.7222,0.0247,1.9383,-0.2425,-0.222
2021,Cordarrelle Patterson,ATL,30,153,1.915,0.0458,2.1242,-0.0023,0.1275
2021,Jamaal Williams,DET,26,153,1.4314,0.0654,2.4967,0.0324,-0.2556
2021,D'Andre Swift,DET,22,151,1.5364,0.0596,2.5497,0.0854,-0.0976
2021,Darrell Henderson,LAR,24,149,1.9195,0.0201,2.698,0.3826,0.4207
2021,Michael Carter,NYJ,22,147,2.3469,0.0884,2,-0.2239,0.1598
2021,Devontae Booker,NYG,29,145,1.5793,0.0138,2.5103,0.3296,0.2071
2021,Darrel Williams,KAN,26,144,1.5,0.0278,2.375,-0.137,-0.3735
2021,Mike Davis,ATL,28,138,1.6739,0.0652,1.971,-0.1555,-0.2668
2021,Miles Sanders,PHI,24,137,2.0657,0.0876,3.438,0.5761,0.7083
2021,Alexander Mattison,MIN,23,134,1.9776,0.1045,1.6866,-0.6757,-0.6559
2021,D'Onta Foreman,TEN,25,133,2.2481,0.0827,2.0075,-0.1995,-0.1088
2021,Devonta Freeman,BAL,29,133,1.5414,0.0226,2.7895,0.2723,0.1283
2021,Rhamondre Stevenson,NWE,23,133,2.6767,0.1203,1.8797,-0.2747,0.0564
2021,Tony Pollard,DAL,24,130,2.4692,0.0538,3.0615,0.4072,0.8542
2021,Rex Burkhead,HOU,31,122,1.7787,0.0164,1.7213,0.1643,0.3355
2021,Clyde Edwards-Helaire,KAN,22,119,1.7479,0.0588,2.5966,0.0847,0.096
2021,Latavius Murray,BAL,31,119,1.7647,0.084,2.4454,-0.0718,0.0076
2021,Rashaad Penny,SEA,25,119,3.1345,0.084,3.1597,0.5296,1.3143
2021,Chase Edmonds,ARI,25,116,1.5345,0.0431,3.569,1.3003,0.9622
2021,Alex Collins,SEA,27,108,1.6019,0.0556,2.2037,-0.4264,-1.1742
2021,Khalil Herbert,CHI,23,103,1.8058,0.0874,2.3981,0.23,0.2743
2021,Ronald Jones II,TAM,24,101,1.8416,0.0495,2.396,0.1854,-0.2015
2021,D'Ernest Johnson,CLE,25,100,2.35,0.1,2.99,0.4743,0.0204
2022,Derrick Henry,TEN,28,349,2.2894,0.1003,2.1175,-0.0776,-0.0151
2022,Josh Jacobs,LVR,24,340,2.4147,0.0912,2.4471,-0.0238,0.0761
2022,Nick Chubb,CLE,27,302,2.3013,0.0927,2.7483,0.3067,0.4227
2022,Saquon Barkley,NYG,25,295,1.9085,0.0407,2.539,-0.0452,0.0448
2022,Najee Harris,PIT,24,272,1.6801,0.0772,2.1213,-0.2493,-0.2865
2022,Dalvin Cook,MIN,27,264,1.822,0.0455,2.6212,0.1425,0.2222
2022,Jamaal Williams,DET,27,262,1.6794,0.0496,2.3893,-0.3173,-0.3444
2022,Miles Sanders,PHI,25,259,1.668,0.0502,3.2317,0.0088,0.1578
2022,Christian McCaffrey,SFO,26,159,1.7421,0.044,2.9497,-0.0893,-0.1809
2022,Ezekiel Elliott,DAL,27,231,1.5411,0.039,2.2511,-0.2229,-0.632
2022,Kenneth Walker III,SEA,22,228,1.8728,0.0526,2.7325,-0.0533,-0.1833
2022,Alvin Kamara,NOR,27,223,2.0045,0.0314,2.0179,-0.0281,0.1236
2022,Travis Etienne,JAX,23,220,1.7591,0.0636,3.3545,0.1902,0.3755
2022,Dameon Pierce,HOU,22,220,2.3,0.1227,1.9682,-0.0258,0.473
2022,Aaron Jones,GNB,28,213,2.2347,0.061,3.0282,0.3135,0.558
2022,Tyler Allgeier,ATL,22,210,2.0286,0.0238,2.9,-0.0185,0.0673
2022,Joe Mixon,CIN,26,210,1.4714,0.0381,2.4048,0.006,-0.1045
2022,Rhamondre Stevenson,NWE,24,210,2.0905,0.1143,2.8619,-0.0166,0.2546
2022,Brian Robinson Jr.,WAS,23,205,1.6585,0.039,2.2293,0.0223,0.0087
2022,Austin Ekeler,LAC,27,204,1.8922,0.0245,2.5931,0.352,0.4618
2022,D'Onta Foreman,CAR,26,203,2.0148,0.0493,2.4877,-0.1244,-0.059
2022,David Montgomery,CHI,25,201,1.9701,0.0995,2.0149,-0.3492,-0.4986
2022,Tony Pollard,DAL,25,193,2.6062,0.057,2.6114,0.1374,0.7934
2022,Jonathan Taylor,IND,23,192,1.9792,0.125,2.5052,0.123,0.2828
2022,Leonard Fournette,TAM,27,189,1.5132,0.0212,2.0212,-0.2062,-0.0516
2022,Cam Akers,LAR,23,188,2.1649,0.0691,2.016,-0.2403,0.0871
2022,AJ Dillon,GNB,24,186,1.7043,0.0323,2.4355,-0.2792,-0.5651
2022,James Conner,ARI,27,183,1.847,0.0273,2.4262,0.0876,0.1656
2022,Raheem Mostert,MIA,30,181,2.0939,0.0884,2.8287,0.157,0.3847
2022,Devin Singletary,BUF,25,177,1.5424,0.0508,3.0847,-0.1489,-0.2457
2022,Latavius Murray,DEN,32,160,1.6688,0.0313,2.725,0.27,0.1976
2022,Isiah Pacheco,KAN,23,170,1.7235,0.0235,3.1588,0.4663,0.4047
2022,Antonio Gibson,WAS,24,149,1.4765,0.0336,2.1879,-0.0191,-0.2146
2022,Cordarrelle Patterson,ATL,31,144,1.9514,0.0278,2.875,-0.0435,-0.0348
2022,Khalil Herbert,CHI,24,129,2.5349,0.0698,3.1318,0.7677,1.183
2022,Rachaad White,TAM,23,129,1.2868,0.031,2.4419,0.2145,0.1427
2022,Kareem Hunt,CLE,27,123,1.9106,0.0488,1.8943,-0.5473,-0.8221
2022,Michael Carter,NYJ,23,114,1.1579,0.0614,2.3684,-0.4541,-0.6453
2022,Kenyan Drake,BAL,28,109,1.1651,0,3.2569,0.0366,-0.549
2022,Damien Harris,NWE,25,106,1.4906,0.0472,2.8679,-0.0106,-0.3392
2023,Derrick Henry,TEN,29,280,2.1464,0.0821,2.0214,-0.0882,-0.0906
2023,Christian McCaffrey,SFO,27,272,2.2279,0.0551,3.136,0.3167,0.3589
2023,Rachaad White,TAM,24,272,1.4559,0.0331,2.1838,0.1588,0.2203
2023,Travis Etienne,JAX,24,267,1.6292,0.1161,2.1461,0.1461,0.2892
2023,Joe Mixon,CIN,27,257,1.4125,0.0389,2.6109,0.1675,-0.0458
2023,Najee Harris,PIT,25,255,2.4235,0.1176,1.6353,-0.4538,-0.4437
2023,Tony Pollard,DAL,26,252,2.0238,0.0754,1.9643,0.0481,0.1367
2023,Saquon Barkley,NYG,26,247,1.9514,0.0486,1.9433,0.1312,0.3099
2023,Chuba Hubbard,CAR,24,238,1.8277,0.0714,1.9622,0.117,0.1679
2023,James Cook,BUF,24,237,2.0338,0.0338,2.7004,0.1991,0.3037
2023,Josh Jacobs,LVR,25,233,1.5193,0.0429,1.9356,-0.1262,-0.4102
2023,D'Andre Swift,PHI,24,229,1.7773,0.0917,2.8035,0.1436,0.1273
2023,Kyren Williams,LAR,23,228,2.0132,0.1009,3.0044,0.6107,0.7857
2023,Breece Hall,NYJ,22,223,2.2152,0.0852,2.2422,0.0703,0.3449
2023,David Montgomery,DET,26,219,2.3014,0.0776,2.3333,-0.1466,-0.18
2023,Kenneth Walker III,SEA,23,219,1.5799,0.1005,2.5525,0.057,-0.0308
2023,Javonte Williams,DEN,23,217,1.7143,0.0507,1.8525,-0.318,-0.543
2023,Devin Singletary,HOU,26,216,1.6111,0.0463,2.5463,0.5138,0.5016
2023,Bijan Robinson,ATL,21,214,1.9065,0.0701,2.6542,0.4764,0.4719
2023,Raheem Mostert,MIA,31,209,2.2249,0.0766,2.6172,-0.3904,-0.6705
2023,James Conner,ARI,28,208,2.2067,0.1298,2.7933,0.1089,0.236
2023,Isiah Pacheco,KAN,24,205,1.878,0.0732,2.6829,0.2458,0.4886
2023,Jerome Ford,CLE,24,204,1.799,0.1275,2.1863,0.0584,0.0667
2023,Gus Edwards,BAL,28,198,1.8283,0.0606,2.2626,-0.4846,-0.5684
2023,Tyler Allgeier,ATL,23,186,1.9516,0.0806,1.7204,-0.4573,-0.4168
2023,Ezekiel Elliott,NWE,28,184,1.587,0.0272,1.9022,0.047,-0.2295
2023,Zack Moss,IND,26,183,1.8852,0.0219,2.4536,0.367,-0.005
2023,Jahmyr Gibbs,DET,21,182,2.5165,0.1154,2.6758,0.1959,0.3776
2023,Alvin Kamara,NOR,28,180,1.5944,0.0389,2.2611,0.3071,0.3326
2023,Alexander Mattison,MIN,25,180,1.7333,0.0278,2.1556,-0.1583,-0.148
2023,Austin Ekeler,LAC,28,179,1.676,0.0503,1.8324,0.0465,0.0374
2023,AJ Dillon,GNB,25,178,1.6966,0.0281,1.7472,-0.3887,-0.6241
2023,Brian Robinson Jr.,WAS,24,178,1.9438,0.0899,2.1742,-0.0171,-0.1404
2023,Jonathan Taylor,IND,24,169,2.6864,0.0828,1.6982,-0.3883,0.0409
2023,Rhamondre Stevenson,NWE,25,156,2.0705,0.0705,1.8974,0.0423,0.2493
2023,Jaylen Warren,PIT,25,149,2.396,0.1812,2.8658,0.7767,0.7593
2023,Dameon Pierce,HOU,23,145,1.6276,0.0828,1.2414,-0.7911,-0.7869
2023,Aaron Jones,GNB,29,142,2.2465,0.0775,2.3732,0.2374,0.5518
2023,Kareem Hunt,CLE,28,135,1.2963,0.0148,1.7481,-0.3798,-0.8742
2023,Khalil Herbert,CHI,25,132,2.1364,0.0985,2.4924,-0.0133,0.3873
2023,Miles Sanders,CAR,26,129,1.7364,0.062,1.6124,-0.2327,-0.2732
2023,D'Onta Foreman,CHI,27,109,1.5138,0.0642,2.3853,-0.1204,-0.3424
2023,Zach Charbonnet,SEA,22,108,1.9352,0.0926,2.3426,-0.153,0.1146
2023,Joshua Kelley,LAC,26,107,1.7664,0.0561,2.0187,0.2328,0.3141
2023,Jamaal Williams,NOR,28,106,1.4151,0.0283,1.4717,-0.4823,-0.6362
2023,Zamir White,LVR,24,104,2.3558,0.0769,1.9808,-0.081,0.4714
2023,De'Von Achane,MIA,22,103,3.068,0.1262,4.699,1.6915,2.2544
2023,Ty Chandler,MIN,25,102,1.7843,0.0294,2.7353,0.4214,0.4827
2023,Tyjae Spears,TEN,22,100,2.16,0.05,2.37,0.2603,0.2715
2024,Saquon Barkley,PHI,27,345,1.9623,0.0551,3.8493,0.4563,0.5489
2024,Derrick Henry,BAL,30,325,2.7969,0.1292,3.1138,0.2776,0.344
2024,Kyren Williams,LAR,24,316,1.9177,0.0854,2.193,-0.0463,0.0604
2024,Bijan Robinson,ATL,22,304,2.3947,0.0757,2.3947,0.1282,0.0934
2024,Jonathan Taylor,IND,25,303,1.8878,0.0495,2.835,0.2084,0.265
2024,Josh Jacobs,GNB,26,301,2.4485,0.1163,1.9668,-0.1364,-0.134
2024,Najee Harris,PIT,26,263,2.057,0.0837,1.9087,-0.0795,-0.0906
2024,Tony Pollard,TEN,27,260,2.1462,0.0846,2.0038,0.0801,0.0764
2024,Aaron Jones,MIN,30,255,2.0549,0.0431,2.4078,0.0745,0.1876
2024,D'Andre Swift,CHI,25,253,1.7708,0.0277,2.0198,0.1275,0.249
2024,Jahmyr Gibbs,DET,22,250,2.396,0.084,3.252,0.5993,0.7066
2024,Chuba Hubbard,CAR,25,250,2.156,0.056,2.624,0.1298,0.2391
2024,Joe Mixon,HOU,28,245,1.9061,0.0776,2.2408,0.014,-0.2629
2024,James Conner,ARI,29,236,2.3983,0.1017,2.2373,-0.1697,-0.3321
2024,Rico Dowdle,DAL,26,235,2.166,0.0468,2.4255,0.2637,0.4499
2024,Chase Brown,CIN,24,229,1.7074,0.1004,2.6157,0.0991,0.2567
2024,Alvin Kamara,NOR,29,228,1.7632,0.057,2.4035,0.2139,0.2069
2024,Breece Hall,NYJ,23,209,2.1244,0.0335,2.067,0.1304,0.0101
2024,James Cook,BUF,25,207,2.314,0.0676,2.5604,0.1975,0.265
2024,Bucky Irving,TAM,22,207,2.686,0.058,2.7343,0.3004,0.3255
2024,Rhamondre Stevenson,NWE,26,207,2.0821,0.0676,1.7874,0.0041,-0.1332
2024,De'Von Achane,MIA,23,203,2.0739,0.0345,2.3941,0.3,0.4599
2024,Kareem Hunt,KAN,29,200,1.645,0.035,1.995,-0.0161,-0.0174
2024,J.K. Dobbins,LAC,26,195,2.5077,0.1231,2.1333,0.3559,0.582
2024,Tyrone Tracy Jr.,NYG,25,192,1.7083,0.0313,2.6615,0.3605,0.2726
2024,Brian Robinson Jr.,WAS,25,187,2.2513,0.0535,2.0214,-0.1481,-0.247
2024,David Montgomery,DET,27,185,2.3135,0.1027,1.8757,-0.777,-0.7522
2024,Tank Bigsby,JAX,23,168,2.8036,0.0833,1.756,-0.1212,0.3681
2024,Jordan Mason,SFO,25,153,2.2745,0.085,2.8824,0.358,0.2849
2024,Kenneth Walker III,SEA,24,153,2.0261,0.085,1.719,-0.25,-0.3667
2024,Travis Etienne,JAX,25,150,1.8333,0.02,1.8867,0.0095,-0.4714
2024,Rachaad White,TAM,25,144,2.6528,0.0625,1.6042,-0.8297,-0.8378
2024,Javonte Williams,DEN,24,139,1.8345,0.0288,1.8561,-0.2518,-0.4347
2024,Tyler Allgeier,ATL,24,137,2.5985,0.0511,2.1022,-0.1643,0.0047
2024,Zach Charbonnet,SEA,23,135,2.237,0.0889,1.9778,0.0088,0.103
2024,Alexander Mattison,LVR,26,132,1.5985,0.053,1.5833,-0.2998,-0.4188
2024,Antonio Gibson,NWE,26,120,2.6917,0.1,1.7917,0.0083,0.4806
2024,Jaylen Warren,PIT,26,120,1.9333,0.0833,2.325,0.3367,0.202
2024,Ray Davis,BUF,25,113,1.9912,0.0531,1.9204,-0.4425,-0.6979
2024,Jaleel McLaughlin,DEN,24,113,1.7168,0.0708,2.6726,0.5647,0.264
2024,Devin Singletary,NYG,27,113,2.0442,0.0885,1.823,-0.4779,-0.2299
2024,Jerome Ford,CLE,25,104,2.1154,0.0481,3.3173,0.9634,1.3385
2024,Emanuel Wilson,GNB,25,103,2.3495,0.0874,2.5243,0.4211,0.3245
2024,Nick Chubb,CLE,29,102,1.5882,0.0392,1.6667,-0.6872,-0.8393
2024,Gus Edwards,LAC,29,101,2.3762,0.0891,1.2376,-0.5399,-0.4451
2025,Jonathan Taylor,IND,26,323,2.4365,0.0836,2.4706,0.0899,0.1752
2025,Christian McCaffrey,SFO,29,311,1.5241,0.0322,2.3408,-0.0537,-0.1102
2025,James Cook,BUF,26,309,2.2201,0.068,3.0259,0.1266,0.2196
2025,Derrick Henry,BAL,31,307,2.3746,0.0423,2.8208,-0.0487,-0.0552
2025,Bijan Robinson,ATL,23,287,2.3206,0.0767,2.8293,0.2552,0.4756
2025,Saquon Barkley,PHI,28,280,1.6107,0.0643,2.4607,-0.086,-0.3049
2025,Ashton Jeanty,LVR,22,266,2.0902,0.0902,1.5752,0.0214,0.0172
2025,Travis Etienne,JAX,26,260,2.0962,0.0385,2.1615,0.065,0.1263
2025,Kyren Williams,LAR,25,259,1.9884,0.0849,2.8456,-0.2343,-0.1152
2025,Javonte Williams,DAL,25,252,2.4881,0.0992,2.2778,-0.1478,0.1027
2025,Jahmyr Gibbs,DET,23,243,1.6626,0.0741,3.3704,0.422,0.2221
2025,Breece Hall,NYJ,24,243,1.8395,0.0494,2.5432,0.0507,-0.0557
2025,Tony Pollard,TEN,28,242,1.8264,0.0661,2.6446,0.0288,0.1662
2025,De'Von Achane,MIA,24,238,3.021,0.0924,2.6513,0.4714,0.8125
2025,Rico Dowdle,CAR,27,236,2.0339,0.0593,2.5254,0.1904,0.2601
2025,Josh Jacobs,GNB,27,234,2.0085,0.0684,1.9615,0.0652,0.0038
2025,Chase Brown,CIN,25,232,2.1293,0.069,2.2629,0.0354,0.0569
2025,Quinshon Judkins,CLE,22,230,2.1957,0.0478,1.4,-0.0023,0.1849
2025,D'Andre Swift,CHI,26,223,1.8879,0.0493,2.9865,0.129,0.0694
2025,Kenneth Walker III,SEA,25,221,1.8371,0.1041,2.81,0.3225,0.3464
2025,Jaylen Warren,PIT,27,211,2.3555,0.109,2.1848,-0.0701,0.1097
2025,Woody Marks,HOU,25,196,1.7704,0.0306,1.8163,-0.0634,-0.2504
2025,Zach Charbonnet,SEA,24,184,1.8315,0.0761,2.1359,-0.3516,-0.3333
2025,TreVeyon Henderson,NWE,23,180,2.0111,0.0611,3.05,0.5972,0.4304
2025,Tyrone Tracy Jr.,NYG,26,176,1.7102,0.0284,2.4943,0.2822,0.197
2025,Jacory Croskey-Merritt,WAS,24,175,2.0686,0.0743,2.5314,0.4995,0.0522
2025,Bucky Irving,TAM,23,173,1.6358,0.0578,1.763,-0.5787,-0.3625
2025,Kyle Monangai,CHI,23,169,1.9172,0.0296,2.716,-0.1415,-0.1719
2025,Kareem Hunt,KAN,30,163,1.9693,0.0429,1.7791,-0.1405,0.0372
2025,Jordan Mason,MIN,26,159,2.4214,0.0818,2.3459,0.1227,0.46
2025,David Montgomery,DET,28,158,2.1899,0.019,2.3418,-0.6066,-0.2792
2025,Kimani Vidal,LAC,24,155,2.3677,0.0194,1.7806,-0.2416,0.0815
2025,J.K. Dobbins,DEN,27,153,2.4444,0.0588,2.6013,0.2815,0.6213
2025,RJ Harvey,DEN,24,146,1.7945,0.0479,1.9041,-0.4157,-0.7258
2025,Blake Corum,LAR,25,145,1.6345,0.0828,3.5103,0.4304,0.1957
2025,Tyler Allgeier,ATL,25,143,1.6084,0.0629,1.986,-0.588,-1.0799
2025,Chuba Hubbard,CAR,26,134,1.806,0.0075,2.0075,-0.3276,-0.4858
2025,Aaron Jones,MIN,31,132,1.7727,0.0379,2.3788,0.1556,-0.1557
2025,Rachaad White,TAM,26,132,1.5076,0.0682,2.8258,0.484,0.572
2025,Alvin Kamara,NOR,30,131,1.4427,0.0534,2.1527,0.226,-0.1246
2025,Rhamondre Stevenson,NWE,27,130,2.7692,0.1231,1.8692,-0.5836,0.0077
2025,Emanuel Wilson,GNB,26,125,2.232,0.056,1.736,-0.1604,0.0017
2025,Omarion Hampton,LAC,22,124,1.6855,0.121,2.7097,0.6874,0.3283
2025,Nick Chubb,HOU,30,122,2.0902,0.041,2.0574,0.1777,0.3104
2025,Devin Singletary,NYG,28,119,1.8319,0.0336,1.8403,-0.3718,-0.3353
2025,Isiah Pacheco,KAN,26,118,1.7542,0.0169,2.161,0.2414,0.2039
2025,Kenneth Gainwell,PIT,26,114,2.0789,0.1228,2.6316,0.3766,0.2799
2025,Chris Rodriguez,WAS,25,112,2.9732,0.1161,1.4911,-0.5408,-0.0835
2025,Cam Skattebo,NYG,23,101,1.901,0.0693,2.1584,-0.0537,0.0518
