player,season_pair,year_t,team_t,team_t1,same_team,age_t,LINX_t,LINX_t1,z_yac_t,z_brk_t,z_ol_t,ol_delta,ypc_above_t,ypc_above_t1
Aaron Jones,2018-2019,2018,GNB,GNB,1,24,-0.0818,0.4963,-0.5245,-0.8974,1.694,-0.7771,0.7913,0.1494
Adrian Peterson,2018-2019,2018,WAS,WAS,1,33,-0.2847,-0.1815,-0.6447,0.1898,-0.2059,0.1145,-0.0127,-0.0965
Alvin Kamara,2018-2019,2018,NOR,NOR,1,23,0.4354,0.8771,0.0155,1.0853,0.4113,-0.2896,-0.0118,0.1113
Austin Ekeler,2018-2019,2018,LAC,LAC,1,23,1.163,0.1544,2.5964,0.3532,-0.4451,0.0185,0.2732,0.0485
Carlos Hyde,2018-2019,2018,CLE,HOU,0,28,0.3176,0.0904,0.5957,1.544,-1.6544,0.7922,-1.2127,-0.1063
Chris Carson,2018-2019,2018,SEA,SEA,1,24,0.2833,0.3522,0.5879,0.6108,-0.6579,0.0269,0.0213,-0.1715
Christian McCaffrey,2018-2019,2018,CAR,CAR,1,22,0.0458,-0.7488,-0.0684,-0.1621,0.5009,-0.318,0.2957,-0.0669
Dalvin Cook,2018-2019,2018,MIN,MIN,1,23,0.0395,0.0198,-0.4037,0.0484,0.8265,-0.5383,0.3355,-0.1638
Derrick Henry,2018-2019,2018,TEN,TEN,1,24,1.7651,1.1722,2.0637,2.6532,0.1618,-0.0025,0.6689,0.2591
Ezekiel Elliott,2018-2019,2018,DAL,DAL,1,23,-0.2042,0.134,-0.4501,-0.3506,0.4143,-0.0631,0.2623,-0.1739
Frank Gore,2018-2019,2018,MIA,BUF,0,35,-0.0295,-0.7882,0.4879,-0.0993,-0.877,-0.0506,-0.1812,-0.6646
Gus Edwards,2018-2019,2018,BAL,BAL,1,23,0.6145,0.4248,1.1242,-0.7088,1.2851,-0.501,0.7763,0.3839
Jamaal Williams,2018-2019,2018,GNB,GNB,1,23,-0.983,-0.6554,-0.5227,-1.0168,-1.7711,0.9751,-0.8476,-0.1448
James Conner,2018-2019,2018,PIT,PIT,1,23,0.1825,0.0332,-0.1272,0.6077,0.2296,0.2735,0.1635,0.2616
Joe Mixon,2018-2019,2018,CIN,CIN,1,22,-0.271,0.2265,0.2301,-1.5195,0.3251,-0.0602,0.3257,0.1413
Jordan Howard,2018-2019,2018,CHI,PHI,0,24,-0.728,-0.4899,-0.4253,-1.309,-0.5759,0.0626,-0.0947,0.0491
Kenyan Drake,2018-2019,2018,MIA,ARI,0,24,-0.2405,0.1123,-0.2559,0.0421,-0.5518,0.8117,-0.351,0.6134
Kerryon Johnson,2018-2019,2018,DET,DET,1,21,1.1284,-0.5272,0.2131,1.4121,2.4356,-1.3868,1.367,-0.3571
Latavius Murray,2018-2019,2018,MIN,NOR,0,28,-0.3489,-0.3596,-0.204,-0.5203,-0.4039,0.4516,-0.16,-0.1865
LeSean McCoy,2018-2019,2018,BUF,KAN,0,30,-1.2422,0.1416,-1.7077,-1.9248,0.4147,0.5878,-0.3261,0.4501
Leonard Fournette,2018-2019,2018,JAX,JAX,1,23,-1.0674,0.6621,-1.0429,-1.6043,-0.4673,0.3304,-0.1749,0.1821
Mark Ingram,2018-2019,2018,NOR,BAL,0,29,0.9766,0.4744,1.2301,1.7828,-0.447,0.2454,0.1106,0.0777
Marlon Mack,2018-2019,2018,IND,IND,1,22,-0.1996,-0.4922,-0.0218,-0.7026,0.084,-0.0208,0.1133,-0.1745
Matt Breida,2018-2019,2018,SFO,SFO,1,23,0.2614,-0.3889,-0.1716,0.1489,1.1758,-0.3375,0.4604,0.2443
Melvin Gordon,2018-2019,2018,LAC,LAC,1,25,1.1342,-0.7008,1.3684,1.456,0.3264,-0.1858,0.1039,-0.3934
Nick Chubb,2018-2019,2018,CLE,CLE,1,23,1.5658,1.0025,2.2094,1.2864,0.7424,-0.3299,0.6239,0.1447
Peyton Barber,2018-2019,2018,TAM,TAM,1,24,-0.0998,-0.9515,-0.5578,0.372,0.1584,-0.2777,0.1749,-0.5415
Phillip Lindsay,2018-2019,2018,DEN,DEN,1,24,-0.3005,0.3559,-1.357,-0.6774,2.0534,-0.6295,0.5106,0.2878
Royce Freeman,2018-2019,2018,DEN,DEN,1,22,0.1146,-0.9484,0.8326,1.5534,-2.9043,0.8733,-0.8828,-0.4681
Saquon Barkley,2018-2019,2018,NYG,NYG,1,21,1.1533,0.5765,1.5323,1.2958,0.3002,-0.0458,0.3154,0.373
Sony Michel,2018-2019,2018,NWE,NWE,1,23,-0.3321,-0.9105,-0.1757,-0.6617,-0.2182,-0.0278,0.1778,-0.2077
Tevin Coleman,2018-2019,2018,ATL,SFO,0,25,-0.608,-1.6675,-0.7782,-1.1864,0.3923,-0.651,0.2404,-0.85
Todd Gurley,2018-2019,2018,LAR,LAR,1,24,0.2165,-0.3058,0.5908,-0.2281,0.0762,0.0976,-0.1133,0.0466
Aaron Jones,2019-2020,2019,GNB,GNB,1,25,0.4963,0.8792,-0.0555,1.7645,-0.0324,0.0547,0.1494,0.4374
Adrian Peterson,2019-2020,2019,WAS,DET,0,34,-0.1815,-0.8505,0.6131,-1.4758,-0.0587,-0.26,-0.0965,-0.187
Alvin Kamara,2019-2020,2019,NOR,NOR,1,24,0.8771,0.5037,0.3059,2.8404,-0.4506,0.3106,0.1113,0.3287
Austin Ekeler,2019-2020,2019,LAC,LAC,1,24,0.1544,0.6927,0.549,0.35,-0.7908,0.4216,0.0485,0.6615
Benny Snell Jr.,2019-2020,2019,PIT,PIT,1,21,0.2529,-1.021,1.287,-0.4758,-0.7341,-0.3264,0.2061,-0.5046
Chris Carson,2019-2020,2019,SEA,SEA,1,25,0.3522,0.2601,0.9614,0.6602,-1.1137,0.6499,-0.1715,0.4785
Dalvin Cook,2019-2020,2019,MIN,MIN,1,24,0.0198,0.7505,0.3925,0.0051,-0.6333,0.2581,-0.1638,0.0911
David Montgomery,2019-2020,2019,CHI,CHI,1,22,-0.25,0.6974,-1.2945,1.1348,-0.0317,-0.094,0.1156,-0.031
Derrick Henry,2019-2020,2019,TEN,TEN,1,25,1.1722,1.0065,2.192,0.5019,0.1408,0.0102,0.2591,0.2026
Devin Singletary,2019-2020,2019,BUF,BUF,1,22,1.2756,0.3846,0.4222,1.6664,2.3426,-0.9438,0.8595,-0.0824
Ezekiel Elliott,2019-2020,2019,DAL,DAL,1,24,0.134,-0.1884,0.1079,-0.0044,0.3469,-0.1127,-0.1739,-0.0729
Frank Gore,2019-2020,2019,BUF,NYJ,0,36,-0.7882,-0.8814,-0.3662,-0.6214,-1.7478,0.119,-0.6646,-0.3929
Gus Edwards,2019-2020,2019,BAL,BAL,1,24,0.4248,0.3561,1.376,-0.8619,0.2566,-0.4107,0.3839,-0.1919
Jamaal Williams,2019-2020,2019,GNB,GNB,1,24,-0.6554,-0.8097,-0.9578,-1.0486,0.3609,-0.2773,-0.1448,-0.8114
James Conner,2019-2020,2019,PIT,PIT,1,24,0.0332,0.3859,0.1716,-1.1625,1.2189,-0.0478,0.2616,0.4464
Joe Mixon,2019-2020,2019,CIN,CIN,1,23,0.2265,-1.0996,0.2506,0.2045,0.2094,-0.0463,0.1413,-0.325
Josh Jacobs,2019-2020,2019,OAK,LVR,0,21,0.8722,-0.414,1.3654,0.8722,-0.0156,-0.2311,0.4282,-0.2233
Kenyan Drake,2019-2020,2019,ARI,ARI,1,25,0.1123,-0.712,-0.4419,-0.4695,1.8082,-0.6403,0.6134,-0.161
Latavius Murray,2019-2020,2019,NOR,NOR,1,29,-0.3596,-0.8579,-1.144,-0.1436,0.7931,-0.3713,-0.1865,-0.1621
Melvin Gordon,2019-2020,2019,LAC,DEN,0,26,-0.7008,-0.1292,-0.7886,-0.9632,-0.2281,-0.0423,-0.3934,0.0995
Miles Sanders,2019-2020,2019,PHI,PHI,1,22,0.1427,0.1014,-0.2739,0.3026,0.7007,0.0579,0.2071,0.4305
Nick Chubb,2019-2020,2019,CLE,CLE,1,24,1.0025,1.4367,1.6704,0.8722,-0.0433,0.4724,0.1447,0.6945
Phillip Lindsay,2019-2020,2019,DEN,DEN,1,25,0.3559,-0.9506,-0.8563,1.5715,1.0793,-0.203,0.2878,-0.2323
Raheem Mostert,2019-2020,2019,SFO,SFO,1,27,0.3704,-0.229,-0.0872,0.2456,1.3439,0.3435,0.8143,0.6719
Ronald Jones II,2019-2020,2019,TAM,TAM,1,22,0.9225,0.7661,0.4564,1.7044,0.8232,-0.2012,0.6158,0.5245
Todd Gurley,2019-2020,2019,LAR,ATL,0,25,-0.3058,-0.4113,-1.1766,0.4545,0.3493,-0.423,0.0466,-0.4402
Aaron Jones,2020-2021,2020,GNB,GNB,1,26,0.8792,0.4005,1.9531,-0.1023,0.1238,0.0895,0.4374,0.2863
Alvin Kamara,2020-2021,2020,NOR,NOR,1,25,0.5037,-0.2254,0.0034,1.1819,0.5906,0.0597,0.3287,0.164
Antonio Gibson,2020-2021,2020,WAS,WAS,1,22,0.7397,-0.1093,-0.3089,1.826,1.3237,-0.4792,0.6134,-0.069
Austin Ekeler,2020-2021,2020,LAC,LAC,1,25,0.6927,-0.0995,0.1152,1.6046,0.6378,-0.3503,0.6615,0.1541
Clyde Edwards-Helaire,2020-2021,2020,KAN,KAN,1,21,0.0874,-0.3877,-0.1215,0.4291,0.0536,0.0356,0.2086,0.096
D'Andre Swift,2020-2021,2020,DET,DET,1,21,-0.1479,-0.6195,-1.2669,0.2681,1.3671,-0.3475,0.5114,-0.0976
Dalvin Cook,2020-2021,2020,MIN,MIN,1,25,0.7505,0.0956,0.638,1.351,0.2323,0.2593,0.0911,0.3345
Damien Harris,2020-2021,2020,NWE,NWE,1,23,0.2863,0.4473,-0.6481,0.6183,1.5697,-0.3247,0.2197,0.099
Darrell Henderson,2020-2021,2020,LAR,LAR,1,23,-0.3043,-0.3799,-0.318,-0.5733,0.043,0.3366,0.178,0.4207
David Montgomery,2020-2021,2020,CHI,CHI,1,23,0.6974,-0.3929,0.5514,1.8179,-0.3845,-0.1691,-0.031,-0.1562
Derrick Henry,2020-2021,2020,TEN,TEN,1,26,1.0065,-0.1716,1.6844,0.7109,0.1409,-0.2268,0.2026,-0.0859
Devin Singletary,2020-2021,2020,BUF,BUF,1,23,0.3846,0.4754,1.7841,-0.5853,-0.9707,0.4257,-0.0824,0.3051
Ezekiel Elliott,2020-2021,2020,DAL,DAL,1,25,-0.1884,-0.8223,-0.087,-0.4324,-0.0782,-0.1628,-0.0729,-0.4487
Jamaal Williams,2020-2021,2020,GNB,DET,0,25,-0.8097,-0.7174,-0.639,-1.2174,-0.6278,0.1824,-0.8114,-0.2556
James Conner,2020-2021,2020,PIT,ARI,0,25,0.3859,-0.1777,-0.4572,1.1416,0.9968,-0.9548,0.4464,-0.4185
James Robinson,2020-2021,2020,JAX,JAX,1,22,0.3213,0.1363,0.9891,-0.223,-0.2274,0.4053,0.0455,0.4809
Joe Mixon,2020-2021,2020,CIN,CIN,1,24,-1.0996,-0.2125,-1.1893,-1.8937,0.0146,-0.0265,-0.325,-0.0395
Jonathan Taylor,2020-2021,2020,IND,IND,1,21,0.055,1.0192,-0.2646,-0.3035,1.0605,-0.2706,0.4349,0.2823
Josh Jacobs,2020-2021,2020,LVR,LVR,1,22,-0.414,0.1285,-0.4829,0.0427,-0.8379,0.0712,-0.2233,-0.0019
Latavius Murray,2020-2021,2020,NOR,BAL,0,30,-0.8579,-0.2173,-0.4104,-1.8051,-0.5268,0.0487,-0.1621,0.0076
Melvin Gordon,2020-2021,2020,DEN,DEN,1,27,-0.1292,0.5459,-0.123,0.0869,-0.3995,0.0856,0.0995,0.0113
Mike Davis,2020-2021,2020,CAR,ATL,0,27,0.7482,-0.5893,0.6103,2.2165,-0.7654,0.0347,-0.029,-0.2668
Miles Sanders,2020-2021,2020,PHI,PHI,1,23,0.1014,0.6679,0.2174,-0.6981,0.8517,0.2938,0.4305,0.7083
Myles Gaskin,2020-2021,2020,MIA,MIA,1,23,-0.7928,-0.8744,-0.3744,-1.2053,-1.0511,0.448,0.2054,-0.0813
Nick Chubb,2020-2021,2020,CLE,CLE,1,25,1.4367,1.4463,1.3089,1.5402,1.5427,-0.5131,0.6945,0.2023
Ronald Jones II,2020-2021,2020,TAM,TAM,1,23,0.7661,-0.3035,2.1959,-0.8108,0.0848,0.1272,0.5245,-0.2015
Tony Pollard,2020-2021,2020,DAL,DAL,1,23,0.3691,0.6304,0.7443,0.2802,-0.1996,0.4321,0.2217,0.8542
AJ Dillon,2021-2022,2021,GNB,GNB,1,23,0.2929,-0.7104,0.3937,0.7999,-0.497,-0.1641,-0.0921,-0.5651
Aaron Jones,2021-2022,2021,GNB,GNB,1,27,0.4005,0.881,0.6575,0.0527,0.3551,0.1544,0.2863,0.558
Alvin Kamara,2021-2022,2021,NOR,NOR,1,26,-0.2254,-0.0698,-1.4348,0.8288,0.6863,-0.2938,0.164,0.1236
Antonio Gibson,2021-2022,2021,WAS,WAS,1,23,-0.1093,-0.7347,-0.1807,0.1755,-0.3227,0.0399,-0.069,-0.2146
Austin Ekeler,2021-2022,2021,LAC,LAC,1,26,-0.0995,0.0959,0.2173,-0.2035,-0.5449,0.4825,0.1541,0.4618
Cordarrelle Patterson,2021-2022,2021,ATL,ATL,1,30,-0.4057,-0.1922,-0.2682,-0.828,-0.1465,-0.0412,0.1275,-0.0348
D'Onta Foreman,2021-2022,2021,TEN,CAR,0,25,0.2201,0.029,0.575,0.5039,-0.7593,0.0751,-0.1088,-0.059
Dalvin Cook,2021-2022,2021,MIN,MIN,1,26,0.0956,0.0057,-0.226,-0.1602,0.9812,-0.2181,0.3345,0.2222
Damien Harris,2021-2022,2021,NWE,NWE,1,24,0.4473,-0.5688,0.6487,0.2007,0.3809,-0.178,0.099,-0.3392
David Montgomery,2021-2022,2021,CHI,CHI,1,24,-0.3929,0.2548,-0.4244,0.0852,-0.91,-0.1012,-0.1562,-0.4986
Derrick Henry,2021-2022,2021,TEN,TEN,1,27,-0.1716,0.9587,0.5132,-0.8316,-0.6123,0.0746,-0.0859,-0.0151
Devin Singletary,2021-2022,2021,BUF,BUF,1,24,0.4754,-0.6036,0.8221,0.013,0.406,-0.3244,0.3051,-0.2457
Ezekiel Elliott,2021-2022,2021,DAL,DAL,1,26,-0.8223,-0.8005,-0.7475,-1.1095,-0.6123,-0.0707,-0.4487,-0.632
Jamaal Williams,2021-2022,2021,DET,DET,1,26,-0.7174,-0.6053,-1.4925,-0.1205,-0.0387,-0.3497,-0.2556,-0.3444
James Conner,2021-2022,2021,ARI,ARI,1,26,-0.1777,-0.2024,0.1601,0.9154,-2.0974,0.7177,-0.4185,0.1656
Joe Mixon,2021-2022,2021,CIN,CIN,1,25,-0.2125,-0.6702,-0.4085,-0.0086,-0.1045,-0.0052,-0.0395,-0.1045
Jonathan Taylor,2021-2022,2021,IND,IND,1,22,1.0192,1.0042,2.059,0.2368,0.0866,0.0503,0.2823,0.2828
Josh Jacobs,2021-2022,2021,LVR,LVR,1,23,0.1285,1.0855,0.0403,0.8468,-0.575,0.1164,-0.0019,0.0761
Khalil Herbert,2021-2022,2021,CHI,CHI,1,23,0.1008,1.8258,-0.5447,0.6736,0.5754,0.5377,0.2743,1.183
Latavius Murray,2021-2022,2021,BAL,DEN,0,31,-0.2173,-0.2123,-0.6487,0.5508,-0.3625,0.3418,0.0076,0.1976
Leonard Fournette,2021-2022,2021,TAM,TAM,1,26,0.2047,-1.0019,0.7345,-0.2757,-0.1726,-0.1955,0.0719,-0.0516
Michael Carter,2021-2022,2021,NYJ,NYJ,1,22,0.3754,-1.3111,0.8251,0.7097,-0.8351,-0.2302,0.1598,-0.6453
Miles Sanders,2021-2022,2021,PHI,PHI,1,24,0.6679,-0.2846,0.1133,0.6808,1.6509,-0.5673,0.7083,0.1578
Najee Harris,2021-2022,2021,PIT,PIT,1,23,0.5121,-0.2542,0.4499,1.0453,-0.016,-0.289,0.1742,-0.2865
Nick Chubb,2021-2022,2021,CLE,CLE,1,26,1.4463,1.2853,2.5673,1.1609,-0.2291,0.3356,0.2023,0.4227
Rhamondre Stevenson,2021-2022,2021,NWE,NWE,1,23,1.0571,0.9008,1.66,1.8611,-0.993,0.2581,0.0564,0.2546
Saquon Barkley,2021-2022,2021,NYG,NYG,1,24,-1.0404,-0.1189,-0.7563,-1.5896,-0.8929,0.1973,-0.222,0.0448
Tony Pollard,2021-2022,2021,DAL,DAL,1,24,0.6304,1.1522,1.1347,-0.5392,1.126,-0.2698,0.8542,0.7934
AJ Dillon,2022-2023,2022,GNB,GNB,1,24,-0.7104,-0.9557,-0.4389,-0.7681,-1.1301,-0.1095,-0.5651,-0.6241
Aaron Jones,2022-2023,2022,GNB,GNB,1,28,0.881,0.5814,1.1158,0.2077,1.2664,-0.0761,0.558,0.5518
Alvin Kamara,2022-2023,2022,NOR,NOR,1,27,-0.0698,-0.5473,0.4411,-0.7987,-0.1148,0.3352,0.1236,0.3326
Austin Ekeler,2022-2023,2022,LAC,LAC,1,27,0.0959,-0.5082,0.1119,-1.0333,1.4221,-0.3055,0.4618,0.0374
Brian Robinson Jr.,2022-2023,2022,WAS,WAS,1,23,-0.3977,0.1434,-0.5731,-0.5403,0.089,-0.0394,0.0087,-0.1404
Christian McCaffrey,2022-2023,2022,SFO,SFO,1,26,-0.3493,0.4097,-0.3281,-0.3703,-0.3622,0.406,-0.1809,0.3589
D'Onta Foreman,2022-2023,2022,CAR,CHI,0,26,0.029,-0.6981,0.4712,-0.1901,-0.5042,0.004,-0.059,-0.3424
Dameon Pierce,2022-2023,2022,HOU,HOU,1,22,1.2535,-0.8152,1.3072,2.3054,-0.1055,-0.7653,0.473,-0.7869
David Montgomery,2022-2023,2022,CHI,DET,0,25,0.2548,0.4078,0.3402,1.5166,-1.4131,0.2026,-0.4986,-0.18
Derrick Henry,2022-2023,2022,TEN,TEN,1,28,0.9587,0.2873,1.2761,1.5438,-0.3149,-0.0106,-0.0151,-0.0906
Devin Singletary,2022-2023,2022,BUF,HOU,0,25,-0.6036,-0.3289,-0.9134,-0.1391,-0.6032,0.6627,-0.2457,0.5016
Ezekiel Elliott,2022-2023,2022,DAL,NWE,0,27,-0.8005,-0.826,-0.9172,-0.5403,-0.9024,0.2699,-0.632,-0.2295
Isiah Pacheco,2022-2023,2022,KAN,KAN,1,23,-0.0213,0.079,-0.3826,-1.0673,1.8842,-0.2205,0.4047,0.4886
Jamaal Williams,2022-2023,2022,DET,NOR,0,27,-0.6053,-1.3723,-0.5118,-0.1799,-1.2841,-0.165,-0.3444,-0.6362
James Conner,2022-2023,2022,ARI,ARI,1,27,-0.2024,0.9122,-0.0206,-0.9381,0.353,0.0213,0.1656,0.236
Joe Mixon,2022-2023,2022,CIN,CIN,1,26,-0.6702,-0.8681,-1.1215,-0.5709,0.0231,0.1615,-0.1045,-0.0458
Jonathan Taylor,2022-2023,2022,IND,IND,1,23,1.0042,0.7907,0.3669,2.3836,0.4962,-0.5113,0.2828,0.0409
Josh Jacobs,2022-2023,2022,LVR,LVR,1,24,1.0855,-0.8835,1.6434,1.2344,-0.0974,-0.1024,0.0761,-0.4102
Kareem Hunt,2022-2023,2022,CLE,CLE,1,27,-0.541,-1.5781,0.1658,-0.2071,-2.2141,0.1675,-0.8221,-0.8742
Kenneth Walker III,2022-2023,2022,SEA,SEA,1,22,-0.0528,-0.1793,0.055,-0.0779,-0.2167,0.1103,-0.1833,-0.0308
Khalil Herbert,2022-2023,2022,CHI,CHI,1,24,1.8258,0.4675,1.9957,0.5068,3.1029,-0.781,1.183,0.3873
Miles Sanders,2022-2023,2022,PHI,CAR,0,25,-0.2846,-0.5053,-0.5453,-0.1595,0.0344,-0.2415,0.1578,-0.2732
Najee Harris,2022-2023,2022,PIT,PIT,1,24,-0.2542,0.7222,-0.5098,0.7584,-1.0092,-0.2045,-0.2865,-0.4437
Rachaad White,2022-2023,2022,TAM,TAM,1,23,-0.7753,-0.8697,-1.6626,-0.8123,0.8661,-0.0557,0.1427,0.2203
Raheem Mostert,2022-2023,2022,MIA,MIA,1,30,0.8166,0.1462,0.7031,1.1392,0.6336,-0.5474,0.3847,-0.6705
Rhamondre Stevenson,2022-2023,2022,NWE,NWE,1,24,0.9008,0.1708,0.6931,2.0198,-0.0683,0.0589,0.2546,0.2493
Saquon Barkley,2022-2023,2022,NYG,NYG,1,25,-0.1189,-0.1184,0.1597,-0.4825,-0.1839,0.1764,0.0448,0.3099
Tony Pollard,2022-2023,2022,DAL,DAL,1,25,1.1522,0.1584,2.2047,0.0717,0.5544,-0.0893,0.7934,0.1367
Travis Etienne,2022-2023,2022,JAX,JAX,1,23,0.1556,0.0785,-0.2782,0.296,0.7679,-0.0441,0.3755,0.2892
Tyler Allgeier,2022-2023,2022,ATL,ATL,1,22,-0.1059,-0.2093,0.5117,-1.0571,-0.076,-0.4388,0.0673,-0.4168
Aaron Jones,2023-2024,2023,GNB,MIN,0,29,0.5814,-0.3805,0.9013,0.1916,0.4733,-0.1629,0.5518,0.1876
Alexander Mattison,2023-2024,2023,MIN,LVR,0,25,-0.7649,-1.162,-0.5523,-1.2761,-0.5343,-0.1415,-0.148,-0.4188
Alvin Kamara,2023-2024,2023,NOR,NOR,1,28,-0.5473,-0.5308,-0.9457,-0.9483,0.6508,-0.0932,0.3326,0.2069
Bijan Robinson,2023-2024,2023,ATL,ATL,1,21,0.2346,0.4956,-0.0617,-0.0269,1.0819,-0.3482,0.4719,0.0934
Breece Hall,2023-2024,2023,NYJ,NYJ,1,22,0.5033,-0.3536,0.8126,0.419,0.0478,0.0601,0.3449,0.0101
Brian Robinson Jr.,2023-2024,2023,WAS,WAS,1,24,0.1434,-0.1461,0.0439,0.5578,-0.1747,-0.131,-0.1404,-0.247
Chuba Hubbard,2023-2024,2023,CAR,CAR,1,24,-0.0831,-0.0564,-0.2849,0.0115,0.1667,0.0128,0.1679,0.2391
D'Andre Swift,2023-2024,2023,PHI,CHI,0,24,0.0495,-0.911,-0.4277,0.6109,0.2345,-0.0161,0.1273,0.249
David Montgomery,2023-2024,2023,DET,DET,1,26,0.4078,0.0571,1.0567,0.1945,-0.5045,-0.6304,-0.18,-0.7522
De'Von Achane,2023-2024,2023,MIA,MIA,1,22,2.9855,-0.2941,3.228,1.6298,4.1759,-1.3915,2.2544,0.4599
Derrick Henry,2023-2024,2023,TEN,BAL,0,29,0.2873,1.7605,0.6177,0.3274,-0.3558,0.3658,-0.0906,0.344
Devin Singletary,2023-2024,2023,HOU,NYG,0,26,-0.3289,-0.2679,-0.8984,-0.7298,1.1771,-0.9917,0.5016,-0.2299
Gus Edwards,2023-2024,2023,BAL,LAC,0,28,-0.561,0.1557,-0.2832,-0.3075,-1.3651,-0.0553,-0.5684,-0.4451
Jahmyr Gibbs,2023-2024,2023,DET,DET,1,21,1.2349,0.9192,1.666,1.3108,0.3677,0.4034,0.3776,0.7066
James Conner,2023-2024,2023,ARI,ARI,1,28,0.9122,0.5864,0.7885,1.7361,0.1461,-0.2786,0.236,-0.3321
James Cook,2023-2024,2023,BUF,BUF,1,24,-0.1013,0.3406,0.2988,-1.0989,0.3758,-0.0016,0.3037,0.265
Javonte Williams,2023-2024,2023,DEN,DEN,1,23,-0.6879,-1.0746,-0.6061,-0.5998,-0.9409,0.0662,-0.543,-0.4347
Jaylen Warren,2023-2024,2023,PIT,PIT,1,25,2.0339,0.0872,1.3247,3.254,1.8466,-0.44,0.7593,0.202
Jerome Ford,2023-2024,2023,CLE,CLE,1,24,0.34,0.379,-0.3662,1.6682,0.0175,0.905,0.0667,1.3385
Joe Mixon,2023-2024,2023,CIN,HOU,0,27,-0.8681,-0.2396,-1.4609,-0.9483,0.2953,-0.1535,-0.0458,-0.2629
Jonathan Taylor,2023-2024,2023,IND,IND,1,24,0.7907,-0.4466,2.1472,0.3481,-1.1199,0.5967,0.0409,0.265
Josh Jacobs,2023-2024,2023,LVR,GNB,0,25,-0.8835,0.8438,-1.1584,-0.8302,-0.4525,-0.0102,-0.4102,-0.134
Kareem Hunt,2023-2024,2023,CLE,KAN,0,28,-1.5781,-1.103,-1.79,-1.66,-1.0983,0.3637,-0.8742,-0.0174
Kenneth Walker III,2023-2024,2023,SEA,SEA,1,23,-0.1793,-0.1737,-0.9867,0.8708,0.014,-0.307,-0.0308,-0.3667
Kyren Williams,2023-2024,2023,LAR,LAR,1,23,0.729,-0.1775,0.2405,0.8826,1.4239,-0.657,0.7857,0.0604
Najee Harris,2023-2024,2023,PIT,PIT,1,25,0.7222,-0.0268,1.4026,1.3758,-1.2867,0.3743,-0.4437,-0.0906
Rachaad White,2023-2024,2023,TAM,TAM,1,24,-0.8697,0.037,-1.3379,-1.1196,0.2732,-0.9885,0.2203,-0.8378
Rhamondre Stevenson,2023-2024,2023,NWE,NWE,1,25,0.1708,-0.1154,0.4028,-0.0151,-0.0235,-0.0382,0.2493,-0.1332
Saquon Barkley,2023-2024,2023,NYG,PHI,0,26,-0.1184,-0.1075,0.0654,-0.6619,0.2029,0.3251,0.3099,0.5489
Tony Pollard,2023-2024,2023,DAL,TEN,0,26,0.1584,0.2181,0.2705,0.1296,-0.0087,0.032,0.1367,0.0764
Travis Etienne,2023-2024,2023,JAX,JAX,1,24,0.0785,-0.9935,-0.8471,1.3315,0.2408,-0.1366,0.2892,-0.4714
Tyler Allgeier,2023-2024,2023,ATL,ATL,1,23,-0.2093,0.2966,0.066,0.2831,-1.2956,0.293,-0.4168,0.0047
Zach Charbonnet,2023-2024,2023,SEA,SEA,1,22,0.0699,0.3428,0.0196,0.6375,-0.5208,0.1618,0.1146,0.103
Aaron Jones,2024-2025,2024,MIN,MIN,1,30,-0.3805,-0.4814,-0.2621,-0.9679,0.1113,0.0811,0.1876,-0.1557
Alvin Kamara,2024-2025,2024,NOR,NOR,1,29,-0.5308,-0.6836,-1.1603,-0.4452,0.4998,0.0121,0.2069,-0.1246
Bijan Robinson,2024-2025,2024,ATL,ATL,1,22,0.4956,0.6976,0.7842,0.2581,0.261,0.127,0.0934,0.4756
Breece Hall,2024-2025,2024,NYJ,NYJ,1,23,-0.3536,-0.3579,-0.0481,-1.329,0.2671,-0.0797,0.0101,-0.0557
Bucky Irving,2024-2025,2024,TAM,TAM,1,22,0.8195,-1.018,1.6812,-0.4076,0.7408,-0.8791,0.3255,-0.3625
Chase Brown,2024-2025,2024,CIN,CIN,1,24,-0.1984,0.2032,-1.3322,1.187,0.1799,-0.0637,0.2567,0.0569
Chuba Hubbard,2024-2025,2024,CAR,CAR,1,25,-0.0564,-1.1328,0.0492,-0.4828,0.2654,-0.4574,0.2391,-0.4858
D'Andre Swift,2024-2025,2024,CHI,CHI,1,25,-0.911,-0.2366,-1.1369,-1.5471,0.259,0.0015,0.249,0.0694
David Montgomery,2024-2025,2024,DET,DET,1,27,0.0571,-0.742,0.5342,1.2735,-2.2613,0.1704,-0.7522,-0.2792
De'Von Achane,2024-2025,2024,MIA,MIA,1,23,-0.2941,1.9192,-0.2036,-1.2914,0.7397,0.1714,0.4599,0.8125
Derrick Henry,2024-2025,2024,BAL,BAL,1,30,1.7605,0.17,2.0227,2.2701,0.6773,-0.3263,0.344,-0.0552
Devin Singletary,2024-2025,2024,NYG,NYG,1,27,-0.2679,-0.8613,-0.2951,0.7395,-1.4279,0.1061,-0.2299,-0.3353
Emanuel Wilson,2024-2025,2024,GNB,GNB,1,25,0.769,0.0454,0.645,0.6981,1.0771,-0.5815,0.3245,0.0017
J.K. Dobbins,2024-2025,2024,LAC,DEN,0,26,1.3455,0.688,1.1321,2.0407,0.8955,-0.0744,0.582,0.6213
Jahmyr Gibbs,2024-2025,2024,DET,DET,1,22,0.9192,-0.0354,0.7882,0.5702,1.5737,-0.1773,0.7066,0.2221
James Cook,2024-2025,2024,BUF,BUF,1,25,0.3406,0.379,0.5357,-0.0466,0.4541,-0.0709,0.265,0.2196
Javonte Williams,2024-2025,2024,DEN,DAL,0,24,-1.0746,0.8322,-0.9408,-1.5057,-0.7979,0.104,-0.4347,0.1027
Jaylen Warren,2024-2025,2024,PIT,PIT,1,26,0.0872,0.8268,-0.6366,0.5439,0.842,-0.4068,0.202,0.1097
Jonathan Taylor,2024-2025,2024,IND,IND,1,25,-0.4466,0.7884,-0.7767,-0.7273,0.4845,-0.1185,0.265,0.1752
Jordan Mason,2024-2025,2024,SFO,MIN,0,25,0.594,0.7759,0.4141,0.6078,0.9013,-0.2353,0.2849,0.46
Josh Jacobs,2024-2025,2024,GNB,GNB,1,26,0.8438,0.0667,0.9499,1.785,-0.4763,0.2016,-0.134,0.0038
Kareem Hunt,2024-2025,2024,KAN,KAN,1,29,-1.103,-0.4097,-1.5243,-1.2726,-0.1411,-0.1244,-0.0174,0.0372
Kenneth Walker III,2024-2025,2024,SEA,SEA,1,24,-0.1737,0.4226,-0.3508,0.6078,-0.7929,0.5725,-0.3667,0.3464
Kyren Williams,2024-2025,2024,LAR,LAR,1,24,-0.1775,-0.0191,-0.6846,0.6229,-0.2253,-0.188,0.0604,-0.1152
Nick Chubb,2024-2025,2024,CLE,HOU,0,29,-1.6018,-0.0287,-1.6992,-1.1146,-2.0111,0.8649,-0.8393,0.3104
Rachaad White,2024-2025,2024,TAM,TAM,1,25,0.037,-0.2458,1.5789,-0.2384,-2.4082,1.3137,-0.8378,0.572
Rhamondre Stevenson,2024-2025,2024,NWE,NWE,1,26,-0.1154,1.1003,-0.1784,-0.0466,-0.0848,-0.5877,-0.1332,0.0077
Rico Dowdle,2024-2025,2024,DAL,CAR,0,26,-0.053,0.1011,0.08,-0.8288,0.6386,-0.0733,0.4499,0.2601
Saquon Barkley,2024-2025,2024,PHI,PHI,1,27,-0.1075,-0.5988,-0.5473,-0.5167,1.1752,-0.5423,0.5489,-0.3049
Tony Pollard,2024-2025,2024,TEN,TEN,1,27,0.2181,-0.2168,0.019,0.5928,0.127,-0.0513,0.0764,0.1662
Travis Etienne,2024-2025,2024,JAX,JAX,1,25,-0.9935,-0.1348,-0.9445,-1.8367,-0.0698,0.0555,-0.4714,0.1263
Tyler Allgeier,2024-2025,2024,ATL,ATL,1,24,0.2966,-1.0067,1.4117,-0.6671,-0.5541,-0.4237,0.0047,-1.0799
Tyrone Tracy Jr.,2024-2025,2024,NYG,NYG,1,25,-0.7947,-0.5617,-1.3294,-1.4117,0.9083,-0.0783,0.2726,0.197
Zach Charbonnet,2024-2025,2024,SEA,SEA,1,23,0.3428,-0.4015,0.2986,0.7545,-0.0717,-0.3604,0.103,-0.3333
