player,year,team,age,att,yac_att_stab,brk_rate_stab,ol_adj_ybc_stab,LINX_stab
Aaron Jones,2018,GNB,24,133,2.0619,0.0623,0.3105,-0.0357
Adrian Peterson,2018,WAS,33,251,1.9969,0.077,-0.0639,-0.3676
Alex Collins,2018,BAL,24,114,2.0657,0.0788,-0.1176,-0.2444
Alfred Blue,2018,HOU,27,150,1.7789,0.0621,-0.0369,-1.1334
Alfred Morris,2018,SFO,30,111,2.0824,0.0763,-0.2897,-0.4772
Alvin Kamara,2018,NOR,23,194,2.1564,0.0907,0.0862,0.4666
Austin Ekeler,2018,LAC,23,106,2.5445,0.0776,-0.0826,0.8716
Carlos Hyde,2018,CLE,28,114,2.2472,0.0915,-0.2939,0.2017
Chris Carson,2018,SEA,24,247,2.2944,0.0844,-0.1817,0.3106
Chris Ivory,2018,BUF,30,115,2.221,0.0722,-0.2205,-0.1548
Christian McCaffrey,2018,CAR,22,219,2.1375,0.071,0.1142,0.0608
Dalvin Cook,2018,MIN,23,133,2.0829,0.0743,0.1466,0.0446
David Johnson,2018,ARI,27,258,1.8332,0.0518,0.0162,-1.1488
Derrick Henry,2018,TEN,24,215,2.6184,0.1174,0.03,1.9922
Dion Lewis,2018,TEN,28,155,1.9398,0.0866,-0.065,-0.3069
Doug Martin,2018,OAK,29,172,2.0903,0.0665,0.1741,-0.061
Ezekiel Elliott,2018,DAL,23,304,2.0349,0.0669,0.1086,-0.2628
Frank Gore,2018,MIA,35,156,2.2461,0.0723,-0.1915,-0.058
Gus Edwards,2018,BAL,23,137,2.352,0.0645,0.2376,0.5792
Isaiah Crowell,2018,NYJ,25,143,2.3808,0.0779,0.1297,0.7783
Jamaal Williams,2018,GNB,23,121,2.0673,0.0615,-0.3256,-0.8585
James Conner,2018,PIT,23,215,2.1244,0.0837,0.0466,0.2011
Joe Mixon,2018,CIN,22,237,2.2074,0.0474,0.0738,-0.3077
Jordan Howard,2018,CHI,24,250,2.0503,0.0505,-0.1611,-0.9072
Josh Adams,2018,PHI,22,120,2.1425,0.071,-0.0055,-0.0801
Kareem Hunt,2018,KAN,23,181,2.2772,0.0859,-0.119,0.3821
Kenyan Drake,2018,MIA,24,120,2.1113,0.0742,-0.1076,-0.2201
Kerryon Johnson,2018,DET,21,118,2.1875,0.0903,0.4181,0.9584
Lamar Miller,2018,HOU,27,210,2.2722,0.0628,0.0607,0.1342
Latavius Murray,2018,MIN,28,140,2.1165,0.0668,-0.0884,-0.3316
LeGarrette Blount,2018,DET,32,154,1.917,0.0614,-0.4142,-1.3175
LeSean McCoy,2018,BUF,30,161,1.8216,0.0463,0.0779,-1.207
Leonard Fournette,2018,JAX,23,133,1.9718,0.0533,-0.098,-0.9497
Mark Ingram,2018,NOR,29,138,2.3716,0.0968,-0.096,0.849
Marlon Mack,2018,IND,22,195,2.1484,0.0626,0.01,-0.2174
Matt Breida,2018,SFO,23,153,2.1207,0.0757,0.2315,0.2696
Melvin Gordon,2018,LAC,25,175,2.431,0.0953,0.0624,1.1576
Mike Davis,2018,SEA,25,112,1.9763,0.0697,0.1218,-0.3247
Nick Chubb,2018,CLE,23,192,2.624,0.0937,0.1624,1.6962
Peyton Barber,2018,TAM,24,234,2.0222,0.08,0.0308,-0.1268
Phillip Lindsay,2018,DEN,24,192,1.8638,0.0631,0.4663,-0.271
Royce Freeman,2018,DEN,22,130,2.2958,0.0931,-0.5511,0.0148
Saquon Barkley,2018,NYG,21,261,2.5306,0.097,0.0708,1.4311
Sony Michel,2018,NWE,23,209,2.114,0.0629,-0.0624,-0.3837
T.J. Yeldon,2018,JAX,25,104,2.025,0.0649,0.1201,-0.3114
Tevin Coleman,2018,ATL,25,167,1.999,0.0565,0.0748,-0.6001
Todd Gurley,2018,LAR,24,256,2.2974,0.0696,0.0106,0.2652
Aaron Jones,2019,GNB,25,236,2.1543,0.1031,0.1289,0.4913
Adrian Peterson,2019,WAS,34,211,2.2409,0.0594,-0.0173,-0.4015
Alexander Mattison,2019,MIN,21,100,2.1215,0.0899,0.1352,0.1967
Alvin Kamara,2019,NOR,24,171,2.2529,0.1235,0.0087,0.8501
Austin Ekeler,2019,LAC,24,132,2.4705,0.0849,-0.1015,0.3542
Benny Snell Jr.,2019,PIT,21,108,2.4105,0.0746,-0.0494,0.1386
Carlos Hyde,2019,HOU,29,245,2.2411,0.0902,-0.0876,0.0526
Chris Carson,2019,SEA,25,278,2.4693,0.0933,-0.2123,0.3217
Christian McCaffrey,2019,CAR,23,287,1.9729,0.0651,0.0049,-0.7538
Dalvin Cook,2019,MIN,24,250,2.2672,0.0793,-0.0204,0.01
Damien Williams,2019,KAN,27,111,2.5673,0.0996,-0.1911,0.6545
David Montgomery,2019,CHI,22,242,1.8879,0.0995,0.0192,-0.2497
DeAndre Washington,2019,OAK,26,108,2.0858,0.0681,-0.0502,-0.5814
Derrick Henry,2019,TEN,25,303,2.8925,0.1031,0.0537,1.7267
Devin Singletary,2019,BUF,22,151,2.289,0.1025,0.3122,1.0336
Devonta Freeman,2019,ATL,27,184,1.9126,0.0702,-0.0344,-0.8346
Ezekiel Elliott,2019,DAL,24,301,2.1684,0.0754,0.1146,-0.0193
Frank Gore,2019,BUF,36,166,2.1691,0.0698,-0.274,-0.7693
Gus Edwards,2019,BAL,24,133,2.5272,0.0639,0.1641,0.5119
Jamaal Williams,2019,GNB,24,107,2.0062,0.0611,-0.1085,-0.9538
James Conner,2019,PIT,24,116,2.1994,0.0719,0.1593,0.0474
Joe Mixon,2019,CIN,23,278,2.2741,0.0714,0.0802,0.0436
Jordan Howard,2019,PHI,25,119,2.1791,0.0493,-0.1547,-0.9307
Josh Jacobs,2019,OAK,21,242,2.544,0.0949,0.0217,0.8801
Kenyan Drake,2019,ARI,25,123,2.104,0.0735,0.1616,-0.0949
Kerryon Johnson,2019,DET,22,113,2.1413,0.0838,0.1355,0.1208
Latavius Murray,2019,NOR,29,146,1.9749,0.0737,0.0714,-0.4795
Le'Veon Bell,2019,NYJ,27,245,2.1201,0.0718,-0.0042,-0.3721
LeSean McCoy,2019,KAN,31,101,1.935,0.0533,0.3018,-0.5471
Leonard Fournette,2019,JAX,24,265,2.5552,0.0619,0.0303,0.3027
Mark Ingram,2019,BAL,30,202,2.4659,0.0923,-0.0152,0.6259
Marlon Mack,2019,IND,23,247,2.1045,0.0589,0.018,-0.6042
Matt Breida,2019,SFO,24,123,2.0318,0.0742,0.2066,-0.14
Melvin Gordon,2019,LAC,26,162,2.1816,0.0763,0.0242,-0.1294
Miles Sanders,2019,PHI,22,179,2.1489,0.0844,0.1187,0.1174
Nick Chubb,2019,CLE,24,298,2.7684,0.1007,0.0725,1.4844
Peyton Barber,2019,TAM,25,154,1.9427,0.071,-0.0528,-0.7962
Phillip Lindsay,2019,DEN,25,224,1.8942,0.0977,0.36,0.2964
Raheem Mostert,2019,SFO,27,137,2.1912,0.083,0.1803,0.2727
Ronald Jones II,2019,TAM,22,172,2.3023,0.1047,0.1329,0.8012
Royce Freeman,2019,DEN,23,132,2.1516,0.0806,-0.4426,-0.8813
Saquon Barkley,2019,NYG,22,217,2.6251,0.0864,0.0803,0.9697
Sony Michel,2019,NWE,24,247,1.8753,0.0669,-0.0847,-1.0496
Tevin Coleman,2019,SFO,26,137,1.8101,0.0536,-0.1282,-1.4886
Todd Gurley,2019,LAR,25,223,2.0218,0.0828,0.0695,-0.2273
Aaron Jones,2020,GNB,26,201,2.4833,0.085,0.0971,0.937
Adrian Peterson,2020,DET,35,156,2.0159,0.0631,-0.0975,-0.8982
Alvin Kamara,2020,NOR,25,187,2.2035,0.1078,0.097,0.8537
Antonio Gibson,2020,WAS,22,170,2.1134,0.0931,0.2111,0.5417
Austin Ekeler,2020,LAC,25,116,2.334,0.0912,0.0315,0.6399
Benny Snell Jr.,2020,PIT,22,111,2.1713,0.0646,-0.1958,-0.7148
Brian Hill,2020,ATL,25,100,2.3032,0.0682,0.0536,0.0997
Cam Akers,2020,LAR,21,145,2.139,0.0593,-0.0725,-0.6768
Chris Carson,2020,SEA,26,141,2.3503,0.0836,-0.016,0.418
Clyde Edwards-Helaire,2020,KAN,21,181,2.1468,0.0773,0.0409,-0.0507
D'Andre Swift,2020,DET,21,114,1.9871,0.0747,0.1785,-0.1973
Dalvin Cook,2020,MIN,25,312,2.3339,0.0913,0.0482,0.6721
Damien Harris,2020,NWE,23,137,2.0651,0.0785,0.2199,0.1292
Darrell Henderson,2020,LAR,23,138,2.1182,0.0664,0.0386,-0.3586
David Johnson,2020,HOU,29,147,1.9556,0.0532,0.2144,-0.6789
David Montgomery,2020,CHI,23,247,2.1467,0.1039,-0.0244,0.424
Derrick Henry,2020,TEN,26,378,2.8082,0.093,0.0643,1.7462
Devin Singletary,2020,BUF,23,156,2.5038,0.0782,0.0481,0.7395
Ezekiel Elliott,2020,DAL,25,244,2.1497,0.0684,0.0671,-0.1958
Frank Gore,2020,NYJ,37,187,2.0891,0.057,-0.2755,-1.2047
Giovani Bernard,2020,CIN,29,124,2.04,0.0693,-0.1085,-0.7292
Gus Edwards,2020,BAL,25,144,2.5457,0.0683,-0.039,0.448
J.K. Dobbins,2020,BAL,22,134,2.4789,0.0642,0.1944,0.6408
Jamaal Williams,2020,GNB,25,119,1.9862,0.0538,-0.1026,-1.1787
James Conner,2020,PIT,25,169,2.0988,0.083,0.2177,0.2967
James Robinson,2020,JAX,22,240,2.384,0.0692,-0.0028,0.1918
Jeff Wilson,2020,SFO,25,126,2.1686,0.0719,0.0282,-0.148
Joe Mixon,2020,CIN,24,119,2.097,0.0568,0.0672,-0.5653
Jonathan Taylor,2020,IND,21,232,2.1133,0.0682,0.1998,-0.0352
Josh Jacobs,2020,LVR,22,273,2.2184,0.0805,-0.0918,-0.0686
Joshua Kelley,2020,LAC,23,111,1.942,0.069,-0.1484,-1.0165
Kareem Hunt,2020,CLE,25,198,2.2948,0.0855,-0.307,-0.189
Kenyan Drake,2020,ARI,26,239,1.8995,0.0687,0.0128,-0.8178
Latavius Murray,2020,NOR,30,146,2.0019,0.0538,-0.0064,-0.9695
Malcolm Brown,2020,LAR,27,101,1.9334,0.0713,0.1064,-0.5189
Melvin Gordon,2020,DEN,27,215,2.1461,0.0738,-0.0233,-0.2484
Mike Davis,2020,CAR,27,165,2.2472,0.0988,-0.0504,0.4748
Miles Sanders,2020,PHI,23,164,2.1859,0.069,0.1777,0.0959
Myles Gaskin,2020,MIA,23,142,2.108,0.0598,-0.0941,-0.7701
Nick Chubb,2020,CLE,25,190,2.6925,0.1013,0.2276,1.9826
Phillip Lindsay,2020,DEN,26,118,1.8081,0.0773,0.2675,-0.3559
Raheem Mostert,2020,SFO,28,104,2.0089,0.0676,0.3514,0.0072
Ronald Jones II,2020,TAM,23,192,2.6069,0.0755,0.0896,0.9743
Todd Gurley,2020,ATL,26,195,1.9332,0.0868,-0.0814,-0.5154
Tony Pollard,2020,DAL,23,101,2.2689,0.0746,0.0139,0.0979
Wayne Gallman,2020,NYG,26,147,2.2938,0.0704,0.1093,0.2325
Zack Moss,2020,BUF,23,112,2.2691,0.088,0.0474,0.4591
AJ Dillon,2021,GNB,23,187,2.0961,0.0794,-0.0324,0.0836
Aaron Jones,2021,GNB,27,171,2.3552,0.0785,0.091,0.8369
Alex Collins,2021,SEA,27,108,1.874,0.0641,-0.1204,-0.8763
Alexander Mattison,2021,MIN,23,134,1.9952,0.0885,-0.2561,-0.3546
Alvin Kamara,2021,NOR,26,240,1.8056,0.0944,0.1677,0.1794
Antonio Gibson,2021,WAS,23,258,1.9888,0.0795,0.055,0.0259
Austin Ekeler,2021,LAC,26,206,2.1221,0.0736,-0.0349,0.0072
Chase Edmonds,2021,ARI,25,116,1.8424,0.0593,0.5057,0.138
Chuba Hubbard,2021,CAR,22,172,1.9602,0.0611,-0.0564,-0.6402
Clyde Edwards-Helaire,2021,KAN,22,119,1.954,0.069,0.0595,-0.2639
Cordarrelle Patterson,2021,ATL,30,153,1.975,0.0588,0.0244,-0.507
D'Andre Swift,2021,DET,22,151,1.7652,0.0665,0.1222,-0.5924
D'Ernest Johnson,2021,CLE,25,100,2.1306,0.0792,0.188,0.5661
D'Onta Foreman,2021,TEN,25,133,2.1117,0.0743,-0.0527,-0.0331
Dalvin Cook,2021,MIN,26,249,2.1294,0.078,0.1732,0.51
Damien Harris,2021,NWE,24,202,2.124,0.0744,0.1736,0.4215
Darrel Williams,2021,KAN,26,144,1.8029,0.0516,-0.0313,-1.1264
Darrell Henderson,2021,LAR,24,149,1.9843,0.0471,0.1811,-0.4428
David Montgomery,2021,CHI,24,225,1.9898,0.0867,-0.1136,-0.1361
Derrick Henry,2021,TEN,27,219,2.5078,0.0704,-0.0161,0.7781
Devin Singletary,2021,BUF,24,188,2.3542,0.0725,0.1059,0.7339
Devonta Freeman,2021,BAL,29,133,1.735,0.0463,0.1259,-1.0849
Devontae Booker,2021,NYG,29,145,1.8353,0.0456,0.1645,-0.817
Elijah Mitchell,2021,SFO,23,207,2.2584,0.0731,-0.0493,0.253
Ezekiel Elliott,2021,DAL,26,237,1.9506,0.0553,-0.0376,-0.7512
Jamaal Williams,2021,DET,26,153,1.7391,0.0614,0.014,-0.9629
James Conner,2021,ARI,26,202,2.0606,0.0846,-0.187,-0.1709
James Robinson,2021,JAX,23,164,2.14,0.0675,0.1493,0.2616
Javonte Williams,2021,DEN,21,203,2.1444,0.111,-0.0237,0.8822
Joe Mixon,2021,CIN,25,292,1.9371,0.0661,0.031,-0.4164
Jonathan Taylor,2021,IND,22,332,2.4743,0.0716,0.1171,0.9846
Josh Jacobs,2021,LVR,23,217,2.1084,0.084,-0.1006,0.0789
Khalil Herbert,2021,CHI,23,103,1.9478,0.0751,0.1078,-0.0547
Latavius Murray,2021,BAL,31,119,1.8928,0.0659,-0.0094,-0.589
Leonard Fournette,2021,TAM,26,180,2.3469,0.0633,0.027,0.3713
Melvin Gordon,2021,DEN,28,203,2.1261,0.0812,-0.01,0.2257
Michael Carter,2021,NYJ,22,147,2.159,0.0771,-0.069,0.0943
Mike Davis,2021,ATL,28,138,1.9783,0.0806,-0.0837,-0.234
Miles Sanders,2021,PHI,24,137,2.0965,0.0751,0.3132,0.644
Myles Gaskin,2021,MIA,24,173,1.7662,0.0518,0.0443,-1.056
Najee Harris,2021,PIT,23,307,2.1286,0.0863,0.0417,0.4388
Nick Chubb,2021,CLE,26,228,2.7381,0.0966,0.089,2.0222
Rashaad Penny,2021,SEA,25,119,2.4364,0.0744,0.2257,1.1728
Rex Burkhead,2021,HOU,31,122,1.9292,0.0489,0.0901,-0.6917
Rhamondre Stevenson,2021,NWE,23,133,2.2829,0.0893,-0.0828,0.591
Ronald Jones II,2021,TAM,24,101,2.3028,0.0666,0.1168,0.5186
Saquon Barkley,2021,NYG,24,162,2.0004,0.048,-0.0892,-0.9027
Sony Michel,2021,LAR,26,208,1.8989,0.0725,-0.1029,-0.6111
Tony Pollard,2021,DAL,24,130,2.2606,0.0645,0.1743,0.4957
AJ Dillon,2022,GNB,24,186,1.8594,0.0529,-0.1459,-0.5581
Aaron Jones,2022,GNB,28,213,2.2224,0.0621,0.1793,1.0876
Alvin Kamara,2022,NOR,27,223,1.8548,0.0576,0.0692,-0.0731
Antonio Gibson,2022,WAS,24,149,1.7713,0.0593,0.0172,-0.3336
Austin Ekeler,2022,LAC,27,204,1.9496,0.0469,0.1397,0.0747
Brian Robinson Jr.,2022,WAS,23,205,1.7551,0.0468,0.0114,-0.6264
Cam Akers,2022,LAR,23,188,2.0414,0.061,-0.1478,0.0236
Christian McCaffrey,2022,SFO,26,159,1.8045,0.0501,-0.0394,-0.5429
Cordarrelle Patterson,2022,ATL,31,144,1.9047,0.0424,-0.0173,-0.4147
D'Onta Foreman,2022,CAR,26,203,1.9909,0.0566,-0.0895,-0.0717
Dalvin Cook,2022,MIN,27,264,1.9327,0.0595,0.1561,0.3115
Dameon Pierce,2022,HOU,22,220,2.0876,0.0904,-0.0134,0.9616
Damien Harris,2022,NWE,25,106,1.8718,0.0614,0.0934,0.087
David Montgomery,2022,CHI,25,201,1.9696,0.085,-0.2115,0.2044
Derrick Henry,2022,TEN,28,349,2.2802,0.082,-0.0547,1.1721
Devin Singletary,2022,BUF,25,177,1.9263,0.0566,-0.0456,-0.1407
Ezekiel Elliott,2022,DAL,27,231,1.7202,0.0449,-0.1309,-1.0153
Isiah Pacheco,2022,KAN,23,170,1.7941,0.0405,0.2144,-0.2768
Jamaal Williams,2022,DET,27,262,1.7034,0.053,-0.1681,-0.9663
James Conner,2022,ARI,27,183,1.9163,0.0568,-0.0762,-0.2178
Joe Mixon,2022,CIN,26,210,1.6889,0.0501,0.0079,-0.7242
Jonathan Taylor,2022,IND,23,192,2.2323,0.088,0.1057,1.4795
Josh Jacobs,2022,LVR,24,340,2.1954,0.0824,-0.0588,0.9734
Kareem Hunt,2022,CLE,27,123,1.9663,0.0586,-0.3364,-0.5552
Kenneth Walker III,2022,SEA,22,228,1.864,0.0537,-0.0283,-0.3112
Kenyan Drake,2022,BAL,28,109,1.5365,0.0351,-0.0072,-1.4062
Khalil Herbert,2022,CHI,24,129,2.108,0.0656,0.33,1.1715
Latavius Murray,2022,DEN,32,160,1.776,0.0468,0.0918,-0.4265
Leonard Fournette,2022,TAM,27,189,1.7999,0.0414,-0.0927,-0.8238
Michael Carter,2022,NYJ,23,114,1.7238,0.0646,-0.2059,-0.763
Miles Sanders,2022,PHI,25,259,1.8196,0.0569,0.1067,-0.0974
Najee Harris,2022,PIT,24,272,1.8638,0.077,-0.1077,-0.0059
Nick Chubb,2022,CLE,27,302,2.3764,0.0875,0.1897,1.9671
Rachaad White,2022,TAM,23,129,1.6316,0.0455,0.0843,-0.8055
Raheem Mostert,2022,MIA,30,181,1.9646,0.0716,0.1363,0.5865
Rhamondre Stevenson,2022,NWE,24,210,2.0925,0.0933,-0.0496,0.9618
Saquon Barkley,2022,NYG,25,295,1.864,0.0426,-0.0609,-0.5889
Tony Pollard,2022,DAL,25,193,2.3352,0.0572,0.1257,1.1565
Travis Etienne,2022,JAX,23,220,1.8043,0.0595,0.0998,-0.0974
Tyler Allgeier,2022,ATL,22,210,1.9434,0.039,-0.0093,-0.3762
AJ Dillon,2023,GNB,25,178,1.8118,0.0472,-0.2184,-1.0841
Aaron Jones,2023,GNB,29,142,2.1594,0.0706,0.198,0.8036
Alexander Mattison,2023,MIN,25,180,1.8326,0.052,-0.1263,-0.8167
Alvin Kamara,2023,NOR,28,180,1.7546,0.0516,0.16,-0.6181
Austin Ekeler,2023,LAC,28,179,1.8393,0.0511,0.0973,-0.4987
Bijan Robinson,2023,ATL,21,214,1.917,0.0705,0.2711,0.2883
Breece Hall,2023,NYJ,22,223,2.0795,0.0785,0.0614,0.5468
Brian Robinson Jr.,2023,WAS,24,178,1.87,0.0712,0.0159,-0.1808
Christian McCaffrey,2023,SFO,27,272,2.0579,0.0584,0.1699,0.2908
Chuba Hubbard,2023,CAR,24,238,1.867,0.0693,0.0656,-0.1516
D'Andre Swift,2023,PHI,24,229,1.807,0.0816,0.1065,-0.0301
D'Onta Foreman,2023,CHI,27,109,1.8554,0.0638,-0.0757,-0.4787
Dameon Pierce,2023,HOU,23,145,1.9214,0.0897,-0.2796,-0.1398
David Montgomery,2023,DET,26,219,2.0942,0.0798,-0.1527,0.3043
De'Von Achane,2023,MIA,22,103,2.3157,0.0898,0.609,2.1225
Derrick Henry,2023,TEN,29,280,2.1512,0.0819,-0.0642,0.6115
Devin Singletary,2023,HOU,26,216,1.7525,0.0557,0.2376,-0.4401
Ezekiel Elliott,2023,NWE,28,184,1.6733,0.0418,-0.0436,-1.2865
Gus Edwards,2023,BAL,28,198,1.8785,0.0658,-0.2152,-0.5804
Isiah Pacheco,2023,KAN,24,205,1.866,0.0629,0.2204,-0.048
Jahmyr Gibbs,2023,DET,21,182,2.2085,0.0922,0.1203,1.2005
Jamaal Williams,2023,NOR,28,106,1.65,0.0512,-0.2258,-1.4368
James Conner,2023,ARI,28,208,2.0529,0.0911,0.0105,0.6293
James Cook,2023,BUF,24,237,1.9855,0.0508,0.1316,-0.0823
Javonte Williams,2023,DEN,23,217,1.8542,0.0703,-0.1697,-0.4986
Jaylen Warren,2023,PIT,25,149,2.128,0.1181,0.3611,1.7924
Jerome Ford,2023,CLE,24,204,1.863,0.0995,0.055,0.3568
Joe Mixon,2023,CIN,27,257,1.5907,0.0494,0.0917,-1.1715
Jonathan Taylor,2023,IND,24,169,2.3926,0.0878,-0.095,1.2888
Josh Jacobs,2023,LVR,25,233,1.9166,0.0676,-0.0612,-0.235
Joshua Kelley,2023,LAC,26,107,1.8719,0.0658,0.1147,-0.1315
Kareem Hunt,2023,CLE,28,135,1.6806,0.0453,-0.221,-1.4554
Kenneth Walker III,2023,SEA,23,219,1.7569,0.0801,0.0292,-0.2943
Khalil Herbert,2023,CHI,25,132,2.1125,0.0825,0.1742,0.8619
Kyren Williams,2023,LAR,23,228,1.9735,0.0869,0.3494,0.8324
Miles Sanders,2023,CAR,26,129,1.7953,0.0629,-0.0084,-0.5527
Najee Harris,2023,PIT,25,255,2.1236,0.0965,-0.2428,0.5469
Rachaad White,2023,TAM,24,272,1.5915,0.0454,0.1302,-1.1845
Raheem Mostert,2023,MIA,31,209,2.0982,0.0771,-0.1313,0.2968
Rhamondre Stevenson,2023,NWE,25,156,2.0838,0.0858,0.0044,0.6065
Saquon Barkley,2023,NYG,26,247,1.9183,0.0497,0.0399,-0.4024
Tony Pollard,2023,DAL,26,252,2.1368,0.0694,0.0885,0.5714
Travis Etienne,2023,JAX,24,267,1.7431,0.0921,0.1277,0.0227
Ty Chandler,2023,MIN,25,102,1.8797,0.057,0.1764,-0.1807
Tyjae Spears,2023,TEN,22,100,2.0055,0.064,0.1211,0.1867
Tyler Allgeier,2023,ATL,23,186,1.9622,0.0638,-0.1814,-0.3556
Zach Charbonnet,2023,SEA,22,108,1.9307,0.0786,-0.0202,0.0534
Zack Moss,2023,IND,26,183,1.9077,0.0475,0.2023,-0.2388
Zamir White,2023,LVR,24,104,2.0745,0.073,0.0062,0.3595
Aaron Jones,2024,MIN,30,255,2.1219,0.0562,0.1129,-0.123
Alexander Mattison,2024,LVR,26,132,1.8433,0.053,-0.1342,-1.2834
Alvin Kamara,2024,NOR,29,228,1.8504,0.0536,0.1604,-0.8114
Antonio Gibson,2024,NWE,26,120,2.2913,0.0777,0.0158,0.6153
Bijan Robinson,2024,ATL,22,304,2.2321,0.0727,0.1675,0.5856
Breece Hall,2024,NYJ,23,209,2.1509,0.057,0.0858,-0.072
Brian Robinson Jr.,2024,WAS,25,187,2.0918,0.0631,-0.0545,-0.3086
Bucky Irving,2024,TAM,22,207,2.4177,0.0633,0.1698,0.8782
Chase Brown,2024,CIN,24,229,1.9091,0.0857,0.069,-0.1351
Chuba Hubbard,2024,CAR,25,250,2.0763,0.0633,0.0992,-0.117
D'Andre Swift,2024,CHI,25,253,1.8805,0.0539,0.1038,-0.8129
David Montgomery,2024,DET,27,185,2.2299,0.0879,-0.378,0.0789
De'Von Achane,2024,MIA,23,203,2.2217,0.0593,0.3654,0.5771
Derrick Henry,2024,BAL,30,325,2.4804,0.1051,0.1124,1.8159
Devin Singletary,2024,NYG,27,113,1.885,0.0661,-0.004,-0.7099
Emanuel Wilson,2024,GNB,25,103,2.2112,0.0751,0.1659,0.5787
Gus Edwards,2024,LAC,29,101,2.119,0.0725,-0.2933,-0.4005
J.K. Dobbins,2024,LAC,26,195,2.3215,0.0956,0.1932,1.3281
Jahmyr Gibbs,2024,DET,22,250,2.337,0.0849,0.347,1.3776
Jaleel McLaughlin,2024,DEN,24,113,1.9872,0.0695,0.2259,-0.0298
James Conner,2024,ARI,29,236,2.2471,0.0928,-0.0402,0.728
James Cook,2024,BUF,25,207,2.1896,0.0595,0.1473,0.1725
Javonte Williams,2024,DEN,24,139,1.9107,0.0493,-0.1674,-1.232
Jaylen Warren,2024,PIT,26,120,2.1231,0.0986,0.3045,1.0401
Jerome Ford,2024,CLE,25,104,2.0301,0.0801,0.326,0.4484
Joe Mixon,2024,HOU,28,245,1.7993,0.0628,0.0539,-0.9152
Jonathan Taylor,2024,IND,25,303,2.073,0.0653,0.0719,-0.1232
Jordan Mason,2024,SFO,25,153,2.1983,0.0758,0.1747,0.5726
Josh Jacobs,2024,GNB,26,301,2.2111,0.0902,-0.0871,0.5097
Kareem Hunt,2024,KAN,29,200,1.7596,0.0431,-0.0961,-1.6475
Kenneth Walker III,2024,SEA,24,153,1.9194,0.0806,-0.0736,-0.4257
Kyren Williams,2024,LAR,24,316,1.996,0.084,0.1028,0.1057
Najee Harris,2024,PIT,26,263,2.1105,0.0875,-0.1596,0.0841
Nick Chubb,2024,CLE,29,102,1.9738,0.0642,-0.1654,-0.7583
Rachaad White,2024,TAM,25,144,2.0306,0.0525,-0.2038,-0.9105
Ray Davis,2024,BUF,25,113,2.0863,0.0632,-0.1377,-0.4464
Rhamondre Stevenson,2024,NWE,26,207,2.0961,0.0738,0.0161,0.0278
Rico Dowdle,2024,DAL,26,235,2.1541,0.0569,0.1583,0.0435
Saquon Barkley,2024,PHI,27,345,1.987,0.0548,0.2626,-0.2789
Tank Bigsby,2024,JAX,23,168,2.443,0.0754,-0.0366,0.8854
Tony Pollard,2024,TEN,27,260,2.157,0.0766,0.0678,0.3219
Travis Etienne,2024,JAX,25,150,1.8362,0.0659,0.0788,-0.7175
Tyler Allgeier,2024,ATL,24,137,2.2415,0.0593,-0.1605,-0.1557
Tyrone Tracy Jr.,2024,NYG,25,192,1.9286,0.0505,0.1942,-0.623
Zach Charbonnet,2024,SEA,23,135,2.1459,0.0804,-0.0049,0.2624
Aaron Jones,2025,MIN,31,132,1.9715,0.05,0.1004,-0.3876
Alvin Kamara,2025,NOR,30,131,1.709,0.0555,0.1762,-0.8288
Ashton Jeanty,2025,LVR,22,266,2.0617,0.0787,0.0212,0.3325
Bijan Robinson,2025,ATL,23,287,2.2438,0.0732,0.1964,0.9587
Blake Corum,2025,LAR,25,145,1.8602,0.0716,0.193,-0.071
Breece Hall,2025,NYJ,24,243,1.9787,0.0533,0.0619,-0.3599
Bucky Irving,2025,TAM,23,173,2.0272,0.0598,-0.1563,-0.4359
Cam Skattebo,2025,NYG,23,101,1.9826,0.0654,-0.0041,-0.194
Chase Brown,2025,CIN,25,232,2.0002,0.0746,0.0457,0.1234
Chris Rodriguez,2025,WAS,25,112,2.3646,0.0823,-0.1807,0.8759
Christian McCaffrey,2025,SFO,29,311,1.7458,0.0432,0.0149,-1.2467
Chuba Hubbard,2025,CAR,26,134,1.966,0.0445,-0.0441,-0.7429
D'Andre Swift,2025,CHI,26,223,1.8774,0.0518,0.1064,-0.5815
David Montgomery,2025,DET,28,158,2.1887,0.0571,-0.4191,-0.4859
De'Von Achane,2025,MIA,24,238,2.5629,0.0746,0.3784,2.0939
Derrick Henry,2025,BAL,31,307,2.3915,0.0718,0.0402,1.0655
Devin Singletary,2025,NYG,28,119,1.8913,0.0542,-0.1246,-0.8551
Emanuel Wilson,2025,GNB,26,125,2.153,0.0644,0.0147,0.2523
Isiah Pacheco,2025,KAN,26,118,1.8805,0.0452,0.1579,-0.634
J.K. Dobbins,2025,DEN,27,153,2.3065,0.0764,0.2048,1.2004
Jacory Croskey-Merritt,2025,WAS,24,175,2.0447,0.0685,0.2443,0.4193
Jahmyr Gibbs,2025,DET,23,243,1.9887,0.0775,0.3525,0.6343
James Cook,2025,BUF,26,309,2.1767,0.0636,0.1239,0.4671
Javonte Williams,2025,DAL,25,252,2.1981,0.0753,-0.139,0.3614
Jaylen Warren,2025,PIT,27,211,2.2034,0.0982,0.0848,1.2119
Jonathan Taylor,2025,IND,26,323,2.2413,0.0715,0.0726,0.7223
Jordan Mason,2025,MIN,26,159,2.237,0.0753,0.1295,0.8799
Josh Jacobs,2025,GNB,27,234,2.0793,0.0776,-0.0183,0.2931
Kareem Hunt,2025,KAN,30,163,1.8523,0.0446,-0.0837,-1.0965
Kenneth Gainwell,2025,PIT,26,114,2.0438,0.085,0.1501,0.6207
Kenneth Walker III,2025,SEA,25,221,1.885,0.0903,0.1226,0.2818
Kimani Vidal,2025,LAC,24,155,2.174,0.0442,-0.0937,-0.291
Kyle Monangai,2025,CHI,23,169,1.975,0.0479,-0.0534,-0.662
Kyren Williams,2025,LAR,25,259,1.979,0.0823,-0.0519,0.0813
Nick Chubb,2025,HOU,30,122,1.9807,0.0513,-0.0309,-0.5407
Omarion Hampton,2025,LAC,22,124,1.8943,0.0855,0.276,0.4418
Quinshon Judkins,2025,CLE,22,230,2.1158,0.0551,0.0085,-0.0508
RJ Harvey,2025,DEN,24,146,1.9271,0.0569,-0.1633,-0.7667
Rachaad White,2025,TAM,26,132,1.8582,0.0594,0.0459,-0.5647
Rhamondre Stevenson,2025,NWE,27,130,2.2973,0.0855,-0.1866,0.7608
Rico Dowdle,2025,CAR,27,236,2.0617,0.0576,0.157,0.0954
Saquon Barkley,2025,PHI,28,280,1.817,0.0601,0.1031,-0.5669
Tony Pollard,2025,TEN,28,242,1.9659,0.071,0.0415,-0.0476
Travis Etienne,2025,JAX,26,260,1.9819,0.0515,0.0574,-0.3964
TreVeyon Henderson,2025,NWE,23,180,2.0178,0.0623,0.2939,0.2959
Tyler Allgeier,2025,ATL,25,143,1.9604,0.0631,-0.3099,-0.7772
Tyrone Tracy Jr.,2025,NYG,26,176,1.8202,0.0414,0.2081,-0.7925
Woody Marks,2025,HOU,25,196,1.8984,0.0472,-0.0208,-0.8247
Zach Charbonnet,2025,SEA,24,184,1.9666,0.0753,-0.1602,-0.2689
