year,player,team,age,att,yac_att,brk_rate,ol_adj_ybc,z_yac,z_brk,z_ol,LINX,ypc_above_team
2018,Derrick Henry,TEN,24,215,3.0512,0.1581,0.0669,2.0637,2.6532,0.1618,1.7651,0.6689
2018,Nick Chubb,CLE,23,192,3.1146,0.1146,0.3417,2.2094,1.2864,0.7424,1.5658,0.6239
2018,Austin Ekeler,LAC,23,106,3.283,0.0849,-0.2203,2.5964,0.3532,-0.4451,1.163,0.2732
2018,Saquon Barkley,NYG,21,261,2.8199,0.1149,0.1324,1.5323,1.2958,0.3002,1.1533,0.3154
2018,Melvin Gordon,LAC,25,175,2.7486,0.12,0.1448,1.3684,1.456,0.3264,1.1342,0.1039
2018,Kerryon Johnson,DET,21,118,2.2458,0.1186,1.143,0.2131,1.4121,2.4356,1.1284,1.367
2018,Mark Ingram,NOR,29,138,2.6884,0.1304,-0.2212,1.2301,1.7828,-0.447,0.9766,0.1106
2018,Isaiah Crowell,NYJ,25,143,2.6993,0.0839,0.3247,1.2551,0.3218,0.7065,0.838,0.7451
2018,Gus Edwards,BAL,23,137,2.6423,0.0511,0.5985,1.1242,-0.7088,1.2851,0.6145,0.7763
2018,Alvin Kamara,NOR,23,194,2.1598,0.1082,0.185,0.0155,1.0853,0.4113,0.4354,-0.0118
2018,Kareem Hunt,KAN,23,181,2.4144,0.0994,-0.2398,0.6005,0.8088,-0.4863,0.3913,-0.0529
2018,Carlos Hyde,CLE,28,114,2.4123,0.1228,-0.7926,0.5957,1.544,-1.6544,0.3176,-1.2127
2018,Chris Carson,SEA,24,247,2.4089,0.0931,-0.321,0.5879,0.6108,-0.6579,0.2833,0.0213
2018,Matt Breida,SFO,23,153,2.0784,0.0784,0.5468,-0.1716,0.1489,1.1758,0.2614,0.4604
2018,Todd Gurley,LAR,24,256,2.4102,0.0664,0.0264,0.5908,-0.2281,0.0762,0.2165,-0.1133
2018,James Conner,PIT,23,215,2.0977,0.093,0.099,-0.1272,0.6077,0.2296,0.1825,0.1635
2018,Royce Freeman,DEN,22,130,2.5154,0.1231,-1.3841,0.8326,1.5534,-2.9043,0.1146,-0.8828
2018,Lamar Miller,HOU,27,210,2.3857,0.0524,0.1277,0.5345,-0.668,0.2902,0.1127,0.6252
2018,Christian McCaffrey,CAR,22,219,2.1233,0.0685,0.2274,-0.0684,-0.1621,0.5009,0.0458,0.2957
2018,Dalvin Cook,MIN,23,133,1.9774,0.0752,0.3815,-0.4037,0.0484,0.8265,0.0395,0.3355
2018,Frank Gore,MIA,35,156,2.3654,0.0705,-0.4247,0.4879,-0.0993,-0.877,-0.0295,-0.1812
2018,Doug Martin,OAK,29,172,2.0174,0.0581,0.3878,-0.3117,-0.4889,0.8398,-0.077,-0.0415
2018,Aaron Jones,GNB,24,133,1.9248,0.0451,0.792,-0.5245,-0.8974,1.694,-0.0818,0.7913
2018,Josh Adams,PHI,22,120,2.125,0.0667,0.0015,-0.0645,-0.2187,0.0236,-0.0887,0.138
2018,Peyton Barber,TAM,24,234,1.9103,0.0855,0.0653,-0.5578,0.372,0.1584,-0.0998,0.1749
2018,Chris Ivory,BUF,30,115,2.3391,0.0696,-0.5873,0.4275,-0.1276,-1.2206,-0.1511,-0.1708
2018,Marlon Mack,IND,22,195,2.1436,0.0513,0.0301,-0.0218,-0.7026,0.084,-0.1996,0.1133
2018,Ezekiel Elliott,DAL,23,304,1.9572,0.0625,0.1864,-0.4501,-0.3506,0.4143,-0.2042,0.2623
2018,Kenyan Drake,MIA,24,120,2.0417,0.075,-0.2708,-0.2559,0.0421,-0.5518,-0.2405,-0.351
2018,Joe Mixon,CIN,22,237,2.2532,0.0253,0.1442,0.2301,-1.5195,0.3251,-0.271,0.3257
2018,Alex Collins,BAL,24,114,1.9123,0.0877,-0.307,-0.5532,0.4412,-0.6283,-0.2737,-0.8593
2018,Adrian Peterson,WAS,33,251,1.8725,0.0797,-0.1071,-0.6447,0.1898,-0.2059,-0.2847,-0.0127
2018,Dion Lewis,TEN,28,155,1.6645,0.1032,-0.1365,-1.1226,0.9282,-0.268,-0.2937,-0.9212
2018,Phillip Lindsay,DEN,24,192,1.5625,0.0521,0.9621,-1.357,-0.6774,2.0534,-0.3005,0.5106
2018,Sony Michel,NWE,23,209,2.0766,0.0526,-0.1129,-0.1757,-0.6617,-0.2182,-0.3321,0.1778
2018,Latavius Murray,MIN,28,140,2.0643,0.0571,-0.2008,-0.204,-0.5203,-0.4039,-0.3489,-0.16
2018,Mike Davis,SEA,25,112,1.6607,0.0625,0.3565,-1.1314,-0.3506,0.7737,-0.4209,-0.0493
2018,T.J. Yeldon,JAX,25,104,1.7788,0.0481,0.3696,-0.86,-0.8031,0.8014,-0.4276,0.5052
2018,Alfred Morris,SFO,30,111,1.955,0.0811,-0.7942,-0.4551,0.2338,-1.6578,-0.5491,-1.004
2018,Tevin Coleman,ATL,25,167,1.8144,0.0359,0.176,-0.7782,-1.1864,0.3923,-0.608,0.2404
2018,Jordan Howard,CHI,24,250,1.968,0.032,-0.2822,-0.4253,-1.309,-0.5759,-0.728,-0.0947
2018,David Johnson,ARI,27,258,1.5853,0.0349,0.0363,-1.3046,-1.2178,0.0971,-0.9282,0.0465
2018,Jamaal Williams,GNB,23,121,1.9256,0.0413,-0.8478,-0.5227,-1.0168,-1.7711,-0.983,-0.8476
2018,Leonard Fournette,JAX,23,133,1.6992,0.0226,-0.2308,-1.0429,-1.6043,-0.4673,-1.0674,-0.1749
2018,Alfred Blue,HOU,27,150,1.28,0.0467,-0.0732,-2.0062,-0.8471,-0.1343,-1.1905,-0.6815
2018,LeSean McCoy,BUF,30,161,1.4099,0.0124,0.1866,-1.7077,-1.9248,0.4147,-1.2422,-0.3261
2018,LeGarrette Blount,DET,32,154,1.6104,0.0455,-0.9396,-1.247,-0.8848,-1.965,-1.3178,-1.3509
2019,Devin Singletary,BUF,22,151,2.3974,0.1325,0.6936,0.4222,1.6664,2.3426,1.2756,0.8595
2019,Derrick Henry,TEN,25,303,3.1947,0.0957,0.0644,2.192,0.5019,0.1408,1.1722,0.2591
2019,Damien Williams,KAN,27,111,3.2162,0.1351,-0.5791,2.2397,1.7487,-2.1111,1.0047,0.3326
2019,Nick Chubb,CLE,24,298,2.9597,0.1074,0.0118,1.6704,0.8722,-0.0433,1.0025,0.1447
2019,Ronald Jones II,TAM,22,172,2.4128,0.1337,0.2594,0.4564,1.7044,0.8232,0.9225,0.6158
2019,Alvin Kamara,NOR,24,171,2.345,0.1696,-0.1046,0.3059,2.8404,-0.4506,0.8771,0.1113
2019,Josh Jacobs,OAK,21,242,2.8223,0.1074,0.0197,1.3654,0.8722,-0.0156,0.8722,0.4282
2019,Leonard Fournette,JAX,24,265,2.9887,0.0604,0.0996,1.7347,-0.6151,0.264,0.6621,0.1821
2019,Saquon Barkley,NYG,22,217,2.788,0.0737,0.0866,1.2892,-0.1942,0.2185,0.5765,0.373
2019,Aaron Jones,GNB,25,236,2.1822,0.1356,0.0149,-0.0555,1.7645,-0.0324,0.4963,0.1494
2019,Mark Ingram,BAL,30,202,2.5941,0.0891,0.0242,0.8588,0.2931,0.0001,0.4744,0.0777
2019,Gus Edwards,BAL,24,133,2.8271,0.0526,0.0975,1.376,-0.8619,0.2566,0.4248,0.3839
2019,Raheem Mostert,SFO,27,137,2.1679,0.0876,0.4082,-0.0872,0.2456,1.3439,0.3704,0.8143
2019,Phillip Lindsay,DEN,25,224,1.8214,0.1295,0.3326,-0.8563,1.5715,1.0793,0.3559,0.2878
2019,Chris Carson,SEA,25,278,2.6403,0.1007,-0.2941,0.9614,0.6602,-1.1137,0.3522,-0.1715
2019,Alexander Mattison,MIN,21,100,1.95,0.11,0.3572,-0.5709,0.9544,1.1654,0.3208,-0.0838
2019,Benny Snell Jr.,PIT,21,108,2.787,0.0648,-0.1856,1.287,-0.4758,-0.7341,0.2529,0.2061
2019,Joe Mixon,CIN,23,278,2.3201,0.0863,0.084,0.2506,0.2045,0.2094,0.2265,0.1413
2019,Austin Ekeler,LAC,24,132,2.4545,0.0909,-0.2018,0.549,0.35,-0.7908,0.1544,0.0485
2019,Miles Sanders,PHI,22,179,2.0838,0.0894,0.2244,-0.2739,0.3026,0.7007,0.1427,0.2071
2019,LeSean McCoy,KAN,31,101,1.9802,0.0495,0.7744,-0.5038,-0.96,2.6254,0.1416,0.4501
2019,Ezekiel Elliott,DAL,24,301,2.2558,0.0797,0.1233,0.1079,-0.0044,0.3469,0.134,-0.1739
2019,Kenyan Drake,ARI,25,123,2.0081,0.065,0.5409,-0.4419,-0.4695,1.8082,0.1123,0.6134
2019,Carlos Hyde,HOU,29,245,2.2245,0.0898,-0.0004,0.0384,0.3152,-0.086,0.0904,-0.1063
2019,James Conner,PIT,24,116,2.2845,0.0431,0.3725,0.1716,-1.1625,1.2189,0.0332,0.2616
2019,Dalvin Cook,MIN,24,250,2.384,0.08,-0.1568,0.3925,0.0051,-0.6333,0.0198,-0.1638
2019,Adrian Peterson,WAS,34,211,2.4834,0.0332,0.0074,0.6131,-1.4758,-0.0587,-0.1815,-0.0965
2019,David Montgomery,CHI,22,242,1.624,0.1157,0.0151,-1.2945,1.1348,-0.0317,-0.25,0.1156
2019,Todd Gurley,LAR,25,223,1.6771,0.0942,0.124,-1.1766,0.4545,0.3493,-0.3058,0.0466
2019,Le'Veon Bell,NYJ,27,245,2.049,0.0653,-0.0273,-0.3511,-0.46,-0.1801,-0.341,-0.0809
2019,Latavius Murray,NOR,29,146,1.6918,0.0753,0.2508,-1.144,-0.1436,0.7931,-0.3596,-0.1865
2019,Matt Breida,SFO,24,123,1.7967,0.065,0.2093,-0.9112,-0.4695,0.6478,-0.3889,0.2443
2019,Jordan Howard,PHI,25,119,2.3697,0.0336,-0.2196,0.3607,-1.4631,-0.853,-0.4899,0.0491
2019,Marlon Mack,IND,23,247,2.0243,0.0486,0.0093,-0.406,-0.9885,-0.052,-0.4922,-0.1745
2019,Kerryon Johnson,DET,22,113,2.0,0.0708,-0.2438,-0.4599,-0.286,-0.9377,-0.5272,-0.3571
2019,Jamaal Williams,GNB,24,107,1.7757,0.0467,0.1273,-0.9578,-1.0486,0.3609,-0.6554,-0.1448
2019,Melvin Gordon,LAC,26,162,1.8519,0.0494,-0.041,-0.7886,-0.9632,-0.2281,-0.7008,-0.3934
2019,Christian McCaffrey,CAR,23,287,1.7875,0.0557,-0.0906,-0.9316,-0.7638,-0.4016,-0.7488,-0.0669
2019,Frank Gore,BUF,36,166,2.0422,0.0602,-0.4753,-0.3662,-0.6214,-1.7478,-0.7882,-0.6646
2019,DeAndre Washington,OAK,26,108,1.8611,0.0463,-0.1878,-0.7682,-1.0613,-0.7418,-0.8495,-0.7406
2019,Sony Michel,NWE,24,247,1.583,0.0648,-0.1407,-1.3855,-0.4758,-0.5769,-0.9105,-0.2077
2019,Devonta Freeman,ATL,27,184,1.5924,0.0598,-0.0981,-1.3647,-0.6341,-0.4279,-0.9113,-0.1864
2019,Royce Freeman,DEN,23,132,1.9091,0.0606,-0.5108,-0.6617,-0.6088,-1.8721,-0.9484,-0.4681
2019,Peyton Barber,TAM,25,154,1.7273,0.0519,-0.2124,-1.0652,-0.884,-0.8278,-0.9515,-0.5415
2019,Tevin Coleman,SFO,26,137,1.3869,0.0365,-0.475,-1.8208,-1.3714,-1.7468,-1.6675,-0.85
2020,Nick Chubb,CLE,25,190,2.6895,0.1105,0.4842,1.3089,1.5402,1.5427,1.4367,0.6945
2020,Derrick Henry,TEN,26,378,2.8386,0.0899,0.0746,1.6844,0.7109,0.1409,1.0065,0.2026
2020,J.K. Dobbins,BAL,22,134,2.9403,0.0522,0.4346,1.9405,-0.8067,1.3729,0.9744,0.7948
2020,Aaron Jones,GNB,26,201,2.9453,0.0697,0.0696,1.9531,-0.1023,0.1238,0.8792,0.4374
2020,Zack Moss,BUF,23,112,2.4464,0.1161,0.0724,0.6967,1.7656,0.1333,0.8765,-0.1916
2020,Ronald Jones II,TAM,23,192,3.0417,0.0521,0.0582,2.1959,-0.8108,0.0848,0.7661,0.5245
2020,Dalvin Cook,MIN,25,312,2.4231,0.1058,0.1013,0.638,1.351,0.2323,0.7505,0.0911
2020,Mike Davis,CAR,27,165,2.4121,0.1273,-0.1902,0.6103,2.2165,-0.7654,0.7482,-0.029
2020,Antonio Gibson,WAS,22,170,2.0471,0.1176,0.4202,-0.3089,1.826,1.3237,0.7397,0.6134
2020,David Montgomery,CHI,23,247,2.3887,0.1174,-0.0789,0.5514,1.8179,-0.3845,0.6974,-0.031
2020,Austin Ekeler,LAC,25,116,2.2155,0.1121,0.2198,0.1152,1.6046,0.6378,0.6927,0.6615
2020,Alvin Kamara,NOR,25,187,2.1711,0.1016,0.206,0.0034,1.1819,0.5906,0.5037,0.3287
2020,Wayne Gallman,NYG,26,147,2.4626,0.068,0.2124,0.7375,-0.1707,0.6125,0.4338,0.5878
2020,James Conner,PIT,25,169,1.9882,0.1006,0.3247,-0.4572,1.1416,0.9968,0.3859,0.4464
2020,Devin Singletary,BUF,23,156,2.8782,0.0577,-0.2502,1.7841,-0.5853,-0.9707,0.3846,-0.0824
2020,Tony Pollard,DAL,23,101,2.4653,0.0792,-0.0249,0.7443,0.2802,-0.1996,0.3691,0.2217
2020,Brian Hill,ATL,25,100,2.57,0.06,0.0938,1.008,-0.4927,0.2066,0.3574,0.7329
2020,Gus Edwards,BAL,25,144,2.7014,0.0764,-0.3132,1.3389,0.1674,-1.1863,0.3561,-0.1919
2020,James Robinson,JAX,22,240,2.5625,0.0667,-0.033,0.9891,-0.223,-0.2274,0.3213,0.0455
2020,Damien Harris,NWE,23,137,1.9124,0.0876,0.4921,-0.6481,0.6183,1.5697,0.2863,0.2197
2020,Chris Carson,SEA,26,141,2.1702,0.0709,0.3558,0.0011,-0.054,1.1033,0.2601,0.4785
2020,Miles Sanders,PHI,23,164,2.2561,0.0549,0.2823,0.2174,-0.6981,0.8517,0.1014,0.4305
2020,Clyde Edwards-Helaire,KAN,21,181,2.1215,0.0829,0.0491,-0.1215,0.4291,0.0536,0.0874,0.2086
2020,Jonathan Taylor,IND,21,232,2.0647,0.0647,0.3433,-0.2646,-0.3035,1.0605,0.055,0.4349
2020,Jeff Wilson,SFO,25,126,2.1667,0.0714,0.02,-0.0077,-0.0338,-0.046,-0.0251,0.4242
2020,Kareem Hunt,CLE,25,198,2.3485,0.0909,-0.5431,0.4501,0.7512,-1.9731,-0.0654,-0.6738
2020,Melvin Gordon,DEN,27,215,2.1209,0.0744,-0.0833,-0.123,0.0869,-0.3995,-0.1292,0.0995
2020,D'Andre Swift,DET,21,114,1.6667,0.0789,0.4329,-1.2669,0.2681,1.3671,-0.1479,0.5114
2020,Ezekiel Elliott,DAL,25,244,2.1352,0.0615,0.0106,-0.087,-0.4324,-0.0782,-0.1884,-0.0729
2020,David Johnson,HOU,29,147,1.966,0.0476,0.4212,-0.5131,-0.9919,1.3271,-0.1967,0.661
2020,Raheem Mostert,SFO,28,104,1.6827,0.0481,0.7517,-1.2266,-0.9718,2.4582,-0.229,0.6719
2020,Darrell Henderson,LAR,23,138,2.0435,0.058,0.046,-0.318,-0.5733,0.043,-0.3043,0.178
2020,Todd Gurley,ATL,26,195,1.7897,0.0974,-0.299,-0.9571,1.0128,-1.1377,-0.4113,-0.4402
2020,Josh Jacobs,LVR,22,273,1.978,0.0733,-0.2114,-0.4829,0.0427,-0.8379,-0.414,-0.2233
2020,Malcolm Brown,LAR,27,101,1.4653,0.0693,0.2509,-1.7741,-0.1184,0.7442,-0.6478,-0.1952
2020,Cam Akers,LAR,21,145,2.0966,0.0414,-0.2185,-0.1842,-1.2415,-0.8622,-0.6709,-0.0334
2020,Kenyan Drake,ARI,26,239,1.6987,0.0669,-0.0994,-1.1863,-0.215,-0.4546,-0.712,-0.161
2020,Myles Gaskin,MIA,23,142,2.0211,0.0423,-0.2737,-0.3744,-1.2053,-1.0511,-0.7928,0.2054
2020,Giovani Bernard,CIN,29,124,1.8306,0.0645,-0.3373,-0.8541,-0.3116,-1.2688,-0.795,-0.5668
2020,Jamaal Williams,GNB,25,119,1.916,0.042,-0.15,-0.639,-1.2174,-0.6278,-0.8097,-0.8114
2020,Adrian Peterson,DET,35,156,1.6538,0.0705,-0.2526,-1.2994,-0.0701,-0.9789,-0.8505,-0.187
2020,Latavius Murray,NOR,30,146,2.0068,0.0274,-0.1205,-0.4104,-1.8051,-0.5268,-0.8579,-0.1621
2020,Frank Gore,NYJ,37,187,2.0,0.0428,-0.3563,-0.4275,-1.1851,-1.3338,-0.8814,-0.3929
2020,Phillip Lindsay,DEN,26,118,1.5763,0.0424,0.1296,-1.4945,-1.2013,0.3291,-0.9506,-0.2323
2020,Benny Snell Jr.,PIT,22,111,1.8739,0.0541,-0.512,-0.7451,-0.7303,-1.8667,-1.021,-0.5046
2020,Joe Mixon,CIN,24,119,1.6975,0.0252,0.0377,-1.1893,-1.8937,0.0146,-1.0996,-0.325
2020,Joshua Kelley,LAC,23,111,1.5315,0.0631,-0.476,-1.6073,-0.368,-1.7435,-1.2696,-0.7183
2021,Rashaad Penny,SEA,25,119,3.1345,0.084,0.5296,2.8189,0.5508,1.5064,1.8104,1.3143
2021,Nick Chubb,CLE,26,228,3.0351,0.1009,-0.0289,2.5673,1.1609,-0.2291,1.4463,0.2023
2021,Javonte Williams,DEN,21,203,2.266,0.1527,-0.0913,0.6203,3.0306,-0.4231,1.0825,-0.0626
2021,Rhamondre Stevenson,NWE,23,133,2.6767,0.1203,-0.2747,1.66,1.8611,-0.993,1.0571,0.0564
2021,D'Ernest Johnson,CLE,25,100,2.35,0.1,0.4743,0.833,1.1284,1.3345,1.047,0.0204
2021,Jonathan Taylor,IND,22,332,2.8343,0.0753,0.0727,2.059,0.2368,0.0866,1.0192,0.2823
2021,Miles Sanders,PHI,24,137,2.0657,0.0876,0.5761,0.1133,0.6808,1.6509,0.6679,0.7083
2021,Tony Pollard,DAL,24,130,2.4692,0.0538,0.4072,1.1347,-0.5392,1.126,0.6304,0.8542
2021,Melvin Gordon,DEN,28,203,2.2463,0.0985,0.0023,0.5704,1.0742,-0.1322,0.5459,0.0113
2021,Najee Harris,PIT,23,307,2.1987,0.0977,0.0397,0.4499,1.0453,-0.016,0.5121,0.1742
2021,Elijah Mitchell,SFO,23,207,2.4879,0.0773,-0.1403,1.1821,0.309,-0.5753,0.4808,0.2757
2021,Devin Singletary,BUF,24,188,2.3457,0.0691,0.1755,0.8221,0.013,0.406,0.4754,0.3051
2021,Damien Harris,NWE,24,202,2.2772,0.0743,0.1674,0.6487,0.2007,0.3809,0.4473,0.099
2021,Aaron Jones,GNB,27,171,2.2807,0.0702,0.1591,0.6575,0.0527,0.3551,0.4005,0.2863
2021,Michael Carter,NYJ,22,147,2.3469,0.0884,-0.2239,0.8251,0.7097,-0.8351,0.3754,0.1598
2021,AJ Dillon,GNB,23,187,2.1765,0.0909,-0.1151,0.3937,0.7999,-0.497,0.2929,-0.0921
2021,D'Onta Foreman,TEN,25,133,2.2481,0.0827,-0.1995,0.575,0.5039,-0.7593,0.2201,-0.1088
2021,Leonard Fournette,TAM,26,180,2.3111,0.0611,-0.0107,0.7345,-0.2757,-0.1726,0.2047,0.0719
2021,Chase Edmonds,ARI,25,116,1.5345,0.0431,1.3003,-1.2315,-0.9254,3.9013,0.1435,0.9622
2021,James Robinson,JAX,23,164,1.9329,0.0671,0.3723,-0.2229,-0.0592,1.0176,0.1363,0.4809
2021,Josh Jacobs,LVR,23,217,2.0369,0.0922,-0.1402,0.0403,0.8468,-0.575,0.1285,-0.0019
2021,Khalil Herbert,CHI,23,103,1.8058,0.0874,0.23,-0.5447,0.6736,0.5754,0.1008,0.2743
2021,Dalvin Cook,MIN,26,249,1.9317,0.0643,0.3606,-0.226,-0.1602,0.9812,0.0956,0.3345
2021,Austin Ekeler,LAC,26,206,2.1068,0.0631,-0.1305,0.2173,-0.2035,-0.5449,-0.0995,0.1541
2021,Antonio Gibson,WAS,23,258,1.9496,0.0736,-0.059,-0.1807,0.1755,-0.3227,-0.1093,-0.069
2021,Derrick Henry,TEN,27,219,2.2237,0.0457,-0.1522,0.5132,-0.8316,-0.6123,-0.1716,-0.0859
2021,James Conner,ARI,26,202,2.0842,0.0941,-0.6301,0.1601,0.9154,-2.0974,-0.1777,-0.4185
2021,Sony Michel,LAR,26,208,1.9231,0.0769,-0.1759,-0.2477,0.2946,-0.686,-0.1946,-0.1343
2021,Joe Mixon,CIN,25,292,1.8596,0.0685,0.0112,-0.4085,-0.0086,-0.1045,-0.2125,-0.0395
2021,Latavius Murray,BAL,31,119,1.7647,0.084,-0.0718,-0.6487,0.5508,-0.3625,-0.2173,0.0076
2021,Alexander Mattison,MIN,23,134,1.9776,0.1045,-0.6757,-0.1098,1.2908,-2.2391,-0.2219,-0.6559
2021,Alvin Kamara,NOR,26,240,1.4542,0.0917,0.2657,-1.4348,0.8288,0.6863,-0.2254,0.164
2021,Ronald Jones II,TAM,24,101,1.8416,0.0495,0.1854,-0.4541,-0.6944,0.4368,-0.3035,-0.2015
2021,Darrell Henderson,LAR,24,149,1.9195,0.0201,0.3826,-0.2569,-1.7556,1.0496,-0.3799,0.4207
2021,Clyde Edwards-Helaire,KAN,22,119,1.7479,0.0588,0.0847,-0.6913,-0.3587,0.1239,-0.3877,0.096
2021,David Montgomery,CHI,24,225,1.8533,0.0711,-0.248,-0.4244,0.0852,-0.91,-0.3929,-0.1562
2021,Cordarrelle Patterson,ATL,30,153,1.915,0.0458,-0.0023,-0.2682,-0.828,-0.1465,-0.4057,0.1275
2021,Chuba Hubbard,CAR,22,172,1.8895,0.0523,-0.1741,-0.3328,-0.5934,-0.6804,-0.4979,-0.2134
2021,Mike Davis,ATL,28,138,1.6739,0.0652,-0.1555,-0.8786,-0.1277,-0.6226,-0.5893,-0.2668
2021,D'Andre Swift,DET,22,151,1.5364,0.0596,0.0854,-1.2267,-0.3299,0.126,-0.6195,-0.0976
2021,Jamaal Williams,DET,26,153,1.4314,0.0654,0.0324,-1.4925,-0.1205,-0.0387,-0.7174,-0.2556
2021,Rex Burkhead,HOU,31,122,1.7787,0.0164,0.1643,-0.6133,-1.8892,0.3712,-0.7499,0.3355
2021,Ezekiel Elliott,DAL,26,237,1.7257,0.038,-0.1522,-0.7475,-1.1095,-0.6123,-0.8223,-0.4487
2021,Devonta Freeman,BAL,29,133,1.5414,0.0226,0.2723,-1.214,-1.6654,0.7068,-0.8692,0.1283
2021,Myles Gaskin,MIA,24,173,1.4335,0.0405,0.1743,-1.4872,-1.0193,0.4023,-0.8744,-0.0813
2021,Devontae Booker,NYG,29,145,1.5793,0.0138,0.3296,-1.1181,-1.983,0.8849,-0.8768,0.2071
2021,Alex Collins,SEA,27,108,1.6019,0.0556,-0.4264,-1.0609,-0.4742,-1.4644,-0.9858,-1.1742
2021,Saquon Barkley,NYG,24,162,1.7222,0.0247,-0.2425,-0.7563,-1.5896,-0.8929,-1.0404,-0.222
2021,Darrel Williams,KAN,26,144,1.5,0.0278,-0.137,-1.3188,-1.4777,-0.5651,-1.178,-0.3735
2022,Khalil Herbert,CHI,24,129,2.5349,0.0698,0.7677,1.9957,0.5068,3.1029,1.8258,1.183
2022,Nick Chubb,CLE,27,302,2.3013,0.0927,0.3067,1.311,1.2854,1.2389,1.2853,0.4227
2022,Dameon Pierce,HOU,22,220,2.3,0.1227,-0.0258,1.3072,2.3054,-0.1055,1.2535,0.473
2022,Tony Pollard,DAL,25,193,2.6062,0.057,0.1374,2.2047,0.0717,0.5544,1.1522,0.7934
2022,Josh Jacobs,LVR,24,340,2.4147,0.0912,-0.0238,1.6434,1.2344,-0.0974,1.0855,0.0761
2022,Jonathan Taylor,IND,23,192,1.9792,0.125,0.123,0.3669,2.3836,0.4962,1.0042,0.2828
2022,Derrick Henry,TEN,28,349,2.2894,0.1003,-0.0776,1.2761,1.5438,-0.3149,0.9587,-0.0151
2022,Rhamondre Stevenson,NWE,24,210,2.0905,0.1143,-0.0166,0.6931,2.0198,-0.0683,0.9008,0.2546
2022,Aaron Jones,GNB,28,213,2.2347,0.061,0.3135,1.1158,0.2077,1.2664,0.881,0.558
2022,Raheem Mostert,MIA,30,181,2.0939,0.0884,0.157,0.7031,1.1392,0.6336,0.8166,0.3847
2022,Cam Akers,LAR,23,188,2.1649,0.0691,-0.2403,0.9112,0.483,-0.9728,0.3118,0.0871
2022,David Montgomery,CHI,25,201,1.9701,0.0995,-0.3492,0.3402,1.5166,-1.4131,0.2548,-0.4986
2022,Travis Etienne,JAX,23,220,1.7591,0.0636,0.1902,-0.2782,0.296,0.7679,0.1556,0.3755
2022,Austin Ekeler,LAC,27,204,1.8922,0.0245,0.352,0.1119,-1.0333,1.4221,0.0959,0.4618
2022,D'Onta Foreman,CAR,26,203,2.0148,0.0493,-0.1244,0.4712,-0.1901,-0.5042,0.029,-0.059
2022,Dalvin Cook,MIN,27,264,1.822,0.0455,0.1425,-0.0939,-0.3193,0.575,0.0057,0.2222
2022,Isiah Pacheco,KAN,23,170,1.7235,0.0235,0.4663,-0.3826,-1.0673,1.8842,-0.0213,0.4047
2022,Kenneth Walker III,SEA,22,228,1.8728,0.0526,-0.0533,0.055,-0.0779,-0.2167,-0.0528,-0.1833
2022,Alvin Kamara,NOR,27,223,2.0045,0.0314,-0.0281,0.4411,-0.7987,-0.1148,-0.0698,0.1236
2022,Tyler Allgeier,ATL,22,210,2.0286,0.0238,-0.0185,0.5117,-1.0571,-0.076,-0.1059,0.0673
2022,Saquon Barkley,NYG,25,295,1.9085,0.0407,-0.0452,0.1597,-0.4825,-0.1839,-0.1189,0.0448
2022,Cordarrelle Patterson,ATL,31,144,1.9514,0.0278,-0.0435,0.2854,-0.9211,-0.1771,-0.1922,-0.0348
2022,James Conner,ARI,27,183,1.847,0.0273,0.0876,-0.0206,-0.9381,0.353,-0.2024,0.1656
2022,Latavius Murray,DEN,32,160,1.6688,0.0313,0.27,-0.5429,-0.8021,1.0905,-0.2123,0.1976
2022,Najee Harris,PIT,24,272,1.6801,0.0772,-0.2493,-0.5098,0.7584,-1.0092,-0.2542,-0.2865
2022,Miles Sanders,PHI,25,259,1.668,0.0502,0.0088,-0.5453,-0.1595,0.0344,-0.2846,0.1578
2022,Christian McCaffrey,SFO,26,159,1.7421,0.044,-0.0893,-0.3281,-0.3703,-0.3622,-0.3493,-0.1809
2022,Brian Robinson Jr.,WAS,23,205,1.6585,0.039,0.0223,-0.5731,-0.5403,0.089,-0.3977,0.0087
2022,Kareem Hunt,CLE,27,123,1.9106,0.0488,-0.5473,0.1658,-0.2071,-2.2141,-0.541,-0.8221
2022,Damien Harris,NWE,25,106,1.4906,0.0472,-0.0106,-1.0652,-0.2615,-0.044,-0.5688,-0.3392
2022,Devin Singletary,BUF,25,177,1.5424,0.0508,-0.1489,-0.9134,-0.1391,-0.6032,-0.6036,-0.2457
2022,Jamaal Williams,DET,27,262,1.6794,0.0496,-0.3173,-0.5118,-0.1799,-1.2841,-0.6053,-0.3444
2022,Joe Mixon,CIN,26,210,1.4714,0.0381,0.006,-1.1215,-0.5709,0.0231,-0.6702,-0.1045
2022,AJ Dillon,GNB,24,186,1.7043,0.0323,-0.2792,-0.4389,-0.7681,-1.1301,-0.7104,-0.5651
2022,Antonio Gibson,WAS,24,149,1.4765,0.0336,-0.0191,-1.1066,-0.7239,-0.0784,-0.7347,-0.2146
2022,Rachaad White,TAM,23,129,1.2868,0.031,0.2145,-1.6626,-0.8123,0.8661,-0.7753,0.1427
2022,Ezekiel Elliott,DAL,27,231,1.5411,0.039,-0.2229,-0.9172,-0.5403,-0.9024,-0.8005,-0.632
2022,Leonard Fournette,TAM,27,189,1.5132,0.0212,-0.2062,-0.999,-1.1455,-0.8349,-1.0019,-0.0516
2022,Michael Carter,NYJ,23,114,1.1579,0.0614,-0.4541,-2.0404,0.2212,-1.8373,-1.3111,-0.6453
2022,Kenyan Drake,BAL,28,109,1.1651,0.0,0.0366,-2.0193,-1.8663,0.1468,-1.4319,-0.549
2023,De'Von Achane,MIA,22,103,3.068,0.1262,1.6915,3.228,1.6298,4.1759,2.9855,2.2544
2023,Jaylen Warren,PIT,25,149,2.396,0.1812,0.7767,1.3247,3.254,1.8466,2.0339,0.7593
2023,Jahmyr Gibbs,DET,21,182,2.5165,0.1154,0.1959,1.666,1.3108,0.3677,1.2349,0.3776
2023,James Conner,ARI,28,208,2.2067,0.1298,0.1089,0.7885,1.7361,0.1461,0.9122,0.236
2023,Jonathan Taylor,IND,24,169,2.6864,0.0828,-0.3883,2.1472,0.3481,-1.1199,0.7907,0.0409
2023,Kyren Williams,LAR,23,228,2.0132,0.1009,0.6107,0.2405,0.8826,1.4239,0.729,0.7857
2023,Najee Harris,PIT,25,255,2.4235,0.1176,-0.4538,1.4026,1.3758,-1.2867,0.7222,-0.4437
2023,Aaron Jones,GNB,29,142,2.2465,0.0775,0.2374,0.9013,0.1916,0.4733,0.5814,0.5518
2023,Zamir White,LVR,24,104,2.3558,0.0769,-0.081,1.2108,0.1739,-0.3374,0.5127,0.4714
2023,Breece Hall,NYJ,22,223,2.2152,0.0852,0.0703,0.8126,0.419,0.0478,0.5033,0.3449
2023,Khalil Herbert,CHI,25,132,2.1364,0.0985,-0.0133,0.5894,0.8118,-0.165,0.4675,0.3873
2023,Christian McCaffrey,SFO,27,272,2.2279,0.0551,0.3167,0.8486,-0.4699,0.6752,0.4097,0.3589
2023,David Montgomery,DET,26,219,2.3014,0.0776,-0.1466,1.0567,0.1945,-0.5045,0.4078,-0.18
2023,Jerome Ford,CLE,24,204,1.799,0.1275,0.0584,-0.3662,1.6682,0.0175,0.34,0.0667
2023,Derrick Henry,TEN,29,280,2.1464,0.0821,-0.0882,0.6177,0.3274,-0.3558,0.2873,-0.0906
2023,Tyjae Spears,TEN,22,100,2.16,0.05,0.2603,0.6563,-0.6205,0.5316,0.2421,0.2715
2023,Bijan Robinson,ATL,21,214,1.9065,0.0701,0.4764,-0.0617,-0.0269,1.0819,0.2346,0.4719
2023,Rhamondre Stevenson,NWE,25,156,2.0705,0.0705,0.0423,0.4028,-0.0151,-0.0235,0.1708,0.2493
2023,Tony Pollard,DAL,26,252,2.0238,0.0754,0.0481,0.2705,0.1296,-0.0087,0.1584,0.1367
2023,Raheem Mostert,MIA,31,209,2.2249,0.0766,-0.3904,0.8401,0.165,-1.1253,0.1462,-0.6705
2023,Brian Robinson Jr.,WAS,24,178,1.9438,0.0899,-0.0171,0.0439,0.5578,-0.1747,0.1434,-0.1404
2023,Isiah Pacheco,KAN,24,205,1.878,0.0732,0.2458,-0.1424,0.0646,0.4947,0.079,0.4886
2023,Travis Etienne,JAX,24,267,1.6292,0.1161,0.1461,-0.8471,1.3315,0.2408,0.0785,0.2892
2023,Zach Charbonnet,SEA,22,108,1.9352,0.0926,-0.153,0.0196,0.6375,-0.5208,0.0699,0.1146
2023,D'Andre Swift,PHI,24,229,1.7773,0.0917,0.1436,-0.4277,0.6109,0.2345,0.0495,0.1273
2023,Chuba Hubbard,CAR,24,238,1.8277,0.0714,0.117,-0.2849,0.0115,0.1667,-0.0831,0.1679
2023,James Cook,BUF,24,237,2.0338,0.0338,0.1991,0.2988,-1.0989,0.3758,-0.1013,0.3037
2023,Saquon Barkley,NYG,26,247,1.9514,0.0486,0.1312,0.0654,-0.6619,0.2029,-0.1184,0.3099
2023,Kenneth Walker III,SEA,23,219,1.5799,0.1005,0.057,-0.9867,0.8708,0.014,-0.1793,-0.0308
2023,Tyler Allgeier,ATL,23,186,1.9516,0.0806,-0.4573,0.066,0.2831,-1.2956,-0.2093,-0.4168
2023,Joshua Kelley,LAC,26,107,1.7664,0.0561,0.2328,-0.4585,-0.4404,0.4616,-0.223,0.3141
2023,Zack Moss,IND,26,183,1.8852,0.0219,0.367,-0.122,-1.4504,0.8033,-0.2892,-0.005
2023,Ty Chandler,MIN,25,102,1.7843,0.0294,0.4214,-0.4078,-1.2289,0.9418,-0.3167,0.4827
2023,Devin Singletary,HOU,26,216,1.6111,0.0463,0.5138,-0.8984,-0.7298,1.1771,-0.3289,0.5016
2023,Miles Sanders,CAR,26,129,1.7364,0.062,-0.2327,-0.5435,-0.2661,-0.7237,-0.5053,-0.2732
2023,Austin Ekeler,LAC,28,179,1.676,0.0503,0.0465,-0.7146,-0.6117,-0.0128,-0.5082,0.0374
2023,Alvin Kamara,NOR,28,180,1.5944,0.0389,0.3071,-0.9457,-0.9483,0.6508,-0.5473,0.3326
2023,Gus Edwards,BAL,28,198,1.8283,0.0606,-0.4846,-0.2832,-0.3075,-1.3651,-0.561,-0.5684
2023,Javonte Williams,DEN,23,217,1.7143,0.0507,-0.318,-0.6061,-0.5998,-0.9409,-0.6879,-0.543
2023,D'Onta Foreman,CHI,27,109,1.5138,0.0642,-0.1204,-1.174,-0.2012,-0.4377,-0.6981,-0.3424
2023,Alexander Mattison,MIN,25,180,1.7333,0.0278,-0.1583,-0.5523,-1.2761,-0.5343,-0.7649,-0.148
2023,Dameon Pierce,HOU,23,145,1.6276,0.0828,-0.7911,-0.8516,0.3481,-2.1456,-0.8152,-0.7869
2023,Ezekiel Elliott,NWE,28,184,1.587,0.0272,0.047,-0.9666,-1.2938,-0.0115,-0.826,-0.2295
2023,Joe Mixon,CIN,27,257,1.4125,0.0389,0.1675,-1.4609,-0.9483,0.2953,-0.8681,-0.0458
2023,Rachaad White,TAM,24,272,1.4559,0.0331,0.1588,-1.3379,-1.1196,0.2732,-0.8697,0.2203
2023,Josh Jacobs,LVR,25,233,1.5193,0.0429,-0.1262,-1.1584,-0.8302,-0.4525,-0.8835,-0.4102
2023,AJ Dillon,GNB,25,178,1.6966,0.0281,-0.3887,-0.6562,-1.2673,-1.1209,-0.9557,-0.6241
2023,Jamaal Williams,NOR,28,106,1.4151,0.0283,-0.4823,-1.4535,-1.2614,-1.3593,-1.3723,-0.6362
2023,Kareem Hunt,CLE,28,135,1.2963,0.0148,-0.3798,-1.79,-1.66,-1.0983,-1.5781,-0.8742
2024,Derrick Henry,BAL,30,325,2.7969,0.1292,0.2776,2.0227,2.2701,0.6773,1.7605,0.344
2024,J.K. Dobbins,LAC,26,195,2.5077,0.1231,0.3559,1.1321,2.0407,0.8955,1.3455,0.582
2024,Antonio Gibson,NWE,26,120,2.6917,0.1,0.0083,1.6987,1.172,-0.0731,1.0977,0.4806
2024,Tank Bigsby,JAX,23,168,2.8036,0.0833,-0.1212,2.0433,0.5439,-0.434,0.9742,0.3681
2024,Jahmyr Gibbs,DET,22,250,2.396,0.084,0.5993,0.7882,0.5702,1.5737,0.9192,0.7066
2024,Josh Jacobs,GNB,26,301,2.4485,0.1163,-0.1364,0.9499,1.785,-0.4763,0.8438,-0.134
2024,Bucky Irving,TAM,22,207,2.686,0.058,0.3004,1.6812,-0.4076,0.7408,0.8195,0.3255
2024,Emanuel Wilson,GNB,25,103,2.3495,0.0874,0.4211,0.645,0.6981,1.0771,0.769,0.3245
2024,Jordan Mason,SFO,25,153,2.2745,0.085,0.358,0.4141,0.6078,0.9013,0.594,0.2849
2024,James Conner,ARI,29,236,2.3983,0.1017,-0.1697,0.7953,1.2359,-0.5691,0.5864,-0.3321
2024,Bijan Robinson,ATL,22,304,2.3947,0.0757,0.1282,0.7842,0.2581,0.261,0.4956,0.0934
2024,Jerome Ford,CLE,25,104,2.1154,0.0481,0.9634,-0.0758,-0.7799,2.5883,0.379,1.3385
2024,Zach Charbonnet,SEA,23,135,2.237,0.0889,0.0088,0.2986,0.7545,-0.0717,0.3428,0.103
2024,James Cook,BUF,25,207,2.314,0.0676,0.1975,0.5357,-0.0466,0.4541,0.3406,0.265
2024,Tyler Allgeier,ATL,24,137,2.5985,0.0511,-0.1643,1.4117,-0.6671,-0.5541,0.2966,0.0047
2024,Tony Pollard,TEN,27,260,2.1462,0.0846,0.0801,0.019,0.5928,0.127,0.2181,0.0764
2024,Gus Edwards,LAC,29,101,2.3762,0.0891,-0.5399,0.7272,0.762,-1.6007,0.1557,-0.4451
2024,Jaylen Warren,PIT,26,120,1.9333,0.0833,0.3367,-0.6366,0.5439,0.842,0.0872,0.202
2024,David Montgomery,DET,27,185,2.3135,0.1027,-0.777,0.5342,1.2735,-2.2613,0.0571,-0.7522
2024,Rachaad White,TAM,25,144,2.6528,0.0625,-0.8297,1.5789,-0.2384,-2.4082,0.037,-0.8378
2024,Najee Harris,PIT,26,263,2.057,0.0837,-0.0795,-0.2557,0.5589,-0.3178,-0.0268,-0.0906
2024,Rico Dowdle,DAL,26,235,2.166,0.0468,0.2637,0.08,-0.8288,0.6386,-0.053,0.4499
2024,Chuba Hubbard,CAR,25,250,2.156,0.056,0.1298,0.0492,-0.4828,0.2654,-0.0564,0.2391
2024,Saquon Barkley,PHI,27,345,1.9623,0.0551,0.4563,-0.5473,-0.5167,1.1752,-0.1075,0.5489
2024,Rhamondre Stevenson,NWE,26,207,2.0821,0.0676,0.0041,-0.1784,-0.0466,-0.0848,-0.1154,-0.1332
2024,Brian Robinson Jr.,WAS,25,187,2.2513,0.0535,-0.1481,0.3426,-0.5768,-0.5089,-0.1461,-0.247
2024,Kenneth Walker III,SEA,24,153,2.0261,0.085,-0.25,-0.3508,0.6078,-0.7929,-0.1737,-0.3667
2024,Kyren Williams,LAR,24,316,1.9177,0.0854,-0.0463,-0.6846,0.6229,-0.2253,-0.1775,0.0604
2024,Jaleel McLaughlin,DEN,24,113,1.7168,0.0708,0.5647,-1.3032,0.0738,1.4773,-0.195,0.264
2024,Chase Brown,CIN,24,229,1.7074,0.1004,0.0991,-1.3322,1.187,0.1799,-0.1984,0.2567
2024,Joe Mixon,HOU,28,245,1.9061,0.0776,0.014,-0.7203,0.3295,-0.0572,-0.2396,-0.2629
2024,Devin Singletary,NYG,27,113,2.0442,0.0885,-0.4779,-0.2951,0.7395,-1.4279,-0.2679,-0.2299
2024,De'Von Achane,MIA,23,203,2.0739,0.0345,0.3,-0.2036,-1.2914,0.7397,-0.2941,0.4599
2024,Breece Hall,NYJ,23,209,2.1244,0.0335,0.1304,-0.0481,-1.329,0.2671,-0.3536,0.0101
2024,Aaron Jones,MIN,30,255,2.0549,0.0431,0.0745,-0.2621,-0.9679,0.1113,-0.3805,0.1876
2024,Jonathan Taylor,IND,25,303,1.8878,0.0495,0.2084,-0.7767,-0.7273,0.4845,-0.4466,0.265
2024,Alvin Kamara,NOR,29,228,1.7632,0.057,0.2139,-1.1603,-0.4452,0.4998,-0.5308,0.2069
2024,Ray Davis,BUF,25,113,1.9912,0.0531,-0.4425,-0.4583,-0.5919,-1.3293,-0.7161,-0.6979
2024,Tyrone Tracy Jr.,NYG,25,192,1.7083,0.0313,0.3605,-1.3294,-1.4117,0.9083,-0.7947,0.2726
2024,D'Andre Swift,CHI,25,253,1.7708,0.0277,0.1275,-1.1369,-1.5471,0.259,-0.911,0.249
2024,Travis Etienne,JAX,25,150,1.8333,0.02,0.0095,-0.9445,-1.8367,-0.0698,-0.9935,-0.4714
2024,Javonte Williams,DEN,24,139,1.8345,0.0288,-0.2518,-0.9408,-1.5057,-0.7979,-1.0746,-0.4347
2024,Kareem Hunt,KAN,29,200,1.645,0.035,-0.0161,-1.5243,-1.2726,-0.1411,-1.103,-0.0174
2024,Alexander Mattison,LVR,26,132,1.5985,0.053,-0.2998,-1.6675,-0.5956,-0.9316,-1.162,-0.4188
2024,Nick Chubb,CLE,29,102,1.5882,0.0392,-0.6872,-1.6992,-1.1146,-2.0111,-1.6018,-0.8393
2025,De'Von Achane,MIA,24,238,3.021,0.0924,0.4714,2.8137,1.0094,1.4008,1.9192,0.8125
2025,Chris Rodriguez,WAS,25,112,2.9732,0.1161,-0.5408,2.6788,1.8357,-1.7471,1.3194,-0.0835
2025,Rhamondre Stevenson,NWE,27,130,2.7692,0.1231,-0.5836,2.1032,2.0798,-1.8802,1.1003,0.0077
2025,Kenneth Gainwell,PIT,26,114,2.0789,0.1228,0.3766,0.1554,2.0693,1.106,0.9672,0.2799
2025,Javonte Williams,DAL,25,252,2.4881,0.0992,-0.1478,1.31,1.2465,-0.5249,0.8322,0.1027
2025,Jaylen Warren,PIT,27,211,2.3555,0.109,-0.0701,0.9359,1.5882,-0.2832,0.8268,0.1097
2025,Jonathan Taylor,IND,26,323,2.4365,0.0836,0.0899,1.1644,0.7026,0.2144,0.7884,0.1752
2025,Jordan Mason,MIN,26,159,2.4214,0.0818,0.1227,1.1218,0.6398,0.3164,0.7759,0.46
2025,Bijan Robinson,ATL,23,287,2.3206,0.0767,0.2552,0.8374,0.462,0.7285,0.6976,0.4756
2025,Omarion Hampton,LAC,22,124,1.6855,0.121,0.6874,-0.9546,2.0066,2.0726,0.6905,0.3283
2025,J.K. Dobbins,DEN,27,153,2.4444,0.0588,0.2815,1.1867,-0.1621,0.8103,0.688,0.6213
2025,Jacory Croskey-Merritt,WAS,24,175,2.0686,0.0743,0.4995,0.1264,0.3783,1.4882,0.5424,0.0522
2025,Kenneth Walker III,SEA,25,221,1.8371,0.1041,0.3225,-0.5268,1.4173,0.9378,0.4226,0.3464
2025,TreVeyon Henderson,NWE,23,180,2.0111,0.0611,0.5972,-0.0359,-0.0819,1.7921,0.4073,0.4304
2025,James Cook,BUF,26,309,2.2201,0.068,0.1266,0.5538,0.1587,0.3285,0.379,0.2196
2025,Ashton Jeanty,LVR,22,266,2.0902,0.0902,0.0214,0.1873,0.9327,0.0014,0.3644,0.0172
2025,Chase Brown,CIN,25,232,2.1293,0.069,0.0354,0.2976,0.1935,0.0449,0.2032,0.0569
2025,Derrick Henry,BAL,31,307,2.3746,0.0423,-0.0487,0.9898,-0.7374,-0.2167,0.17,-0.0552
2025,Rico Dowdle,CAR,27,236,2.0339,0.0593,0.1904,0.0285,-0.1447,0.5269,0.1011,0.2601
2025,Josh Jacobs,GNB,27,234,2.0085,0.0684,0.0652,-0.0432,0.1726,0.1376,0.0667,0.0038
2025,Emanuel Wilson,GNB,26,125,2.232,0.056,-0.1604,0.5874,-0.2597,-0.564,0.0454,0.0017
2025,Quinshon Judkins,CLE,22,230,2.1957,0.0478,-0.0023,0.485,-0.5456,-0.0724,0.0365,0.1849
2025,Blake Corum,LAR,25,145,1.6345,0.0828,0.4304,-1.0985,0.6747,1.2733,0.0264,0.1957
2025,Kyren Williams,LAR,25,259,1.9884,0.0849,-0.2343,-0.0999,0.7479,-0.7939,-0.0191,-0.1152
2025,Nick Chubb,HOU,30,122,2.0902,0.041,0.1777,0.1873,-0.7827,0.4874,-0.0287,0.3104
2025,Jahmyr Gibbs,DET,23,243,1.6626,0.0741,0.422,-1.0192,0.3714,1.2472,-0.0354,0.2221
2025,Travis Etienne,JAX,26,260,2.0962,0.0385,0.065,0.2042,-0.8699,0.1369,-0.1348,0.1263
2025,Cam Skattebo,NYG,23,101,1.901,0.0693,-0.0537,-0.3465,0.204,-0.2322,-0.1528,0.0518
2025,Tony Pollard,TEN,28,242,1.8264,0.0661,0.0288,-0.557,0.0924,0.0244,-0.2168,0.1662
2025,Kimani Vidal,LAC,24,155,2.3677,0.0194,-0.2416,0.9703,-1.5358,-0.8166,-0.2282,0.0815
2025,D'Andre Swift,CHI,26,223,1.8879,0.0493,0.129,-0.3835,-0.4933,0.336,-0.2366,0.0694
2025,Rachaad White,TAM,26,132,1.5076,0.0682,0.484,-1.4566,0.1656,1.44,-0.2458,0.572
2025,Breece Hall,NYJ,24,243,1.8395,0.0494,0.0507,-0.5201,-0.4898,0.0925,-0.3579,-0.0557
2025,Zach Charbonnet,SEA,24,184,1.8315,0.0761,-0.3516,-0.5426,0.4411,-1.1587,-0.4015,-0.3333
2025,Kareem Hunt,KAN,30,163,1.9693,0.0429,-0.1405,-0.1538,-0.7165,-0.5021,-0.4097,0.0372
2025,Aaron Jones,MIN,31,132,1.7727,0.0379,0.1556,-0.7086,-0.8908,0.4187,-0.4814,-0.1557
2025,Tyrone Tracy Jr.,NYG,26,176,1.7102,0.0284,0.2822,-0.8849,-1.222,0.8124,-0.5617,0.197
2025,Saquon Barkley,PHI,28,280,1.6107,0.0643,-0.086,-1.1657,0.0297,-0.3327,-0.5988,-0.3049
2025,Kyle Monangai,CHI,23,169,1.9172,0.0296,-0.1415,-0.3008,-1.1802,-0.5053,-0.6157,-0.1719
2025,Isiah Pacheco,KAN,26,118,1.7542,0.0169,0.2414,-0.7608,-1.623,0.6855,-0.6578,0.2039
2025,Alvin Kamara,NOR,30,131,1.4427,0.0534,0.226,-1.6397,-0.3504,0.6376,-0.6836,-0.1246
2025,Woody Marks,HOU,25,196,1.7704,0.0306,-0.0634,-0.715,-1.1453,-0.2624,-0.731,-0.2504
2025,David Montgomery,DET,28,158,2.1899,0.019,-0.6066,0.4686,-1.5497,-1.9517,-0.742,-0.2792
2025,RJ Harvey,DEN,24,146,1.7945,0.0479,-0.4157,-0.647,-0.5421,-1.358,-0.7933,-0.7258
2025,Devin Singletary,NYG,28,119,1.8319,0.0336,-0.3718,-0.5415,-1.0407,-1.2215,-0.8613,-0.3353
2025,Tyler Allgeier,ATL,25,143,1.6084,0.0629,-0.588,-1.1721,-0.0191,-1.8939,-1.0067,-1.0799
2025,Bucky Irving,TAM,23,173,1.6358,0.0578,-0.5787,-1.0948,-0.197,-1.8649,-1.018,-0.3625
2025,Christian McCaffrey,SFO,29,311,1.5241,0.0322,-0.0537,-1.41,-1.0895,-0.2322,-1.0194,-0.1102
2025,Chuba Hubbard,CAR,26,134,1.806,0.0075,-0.3276,-0.6146,-1.9507,-1.084,-1.1328,-0.4858
