year,player,team,LINX_loo,ol_adj_loo
2018,Ezekiel Elliott,DAL,0.07790465238323024,1.4189593301435406
2018,Saquon Barkley,NYG,1.2031224201628812,0.5406806400721207
2018,David Johnson,ARI,-0.9181690647476471,0.1414728682170543
2018,Todd Gurley,LAR,0.2316112972072445,0.18452710176991172
2018,Adrian Peterson,WAS,-0.4840874891196423,-0.8480996648327324
2018,Jordan Howard,CHI,-0.8813578880804771,-1.0279999999999998
2018,Chris Carson,SEA,0.2062924466619831,-0.7895969913068499
2018,Joe Mixon,CIN,-0.1865554084989219,0.632248342374925
2018,Peyton Barber,TAM,0.0037607104224504917,0.561965811965812
2018,Christian McCaffrey,CAR,0.22815618398815316,1.149670218163369
2018,James Conner,PIT,0.2118321993719095,0.3690834473324216
2018,Derrick Henry,TEN,1.7478602145362938,0.20345086271567903
2018,Lamar Miller,HOU,0.08045671414289868,0.20095238095238077
2018,Sony Michel,NWE,-0.3404885853121421,-0.18083309878975484
2018,Marlon Mack,IND,-0.23697723974718823,-0.011317418213970143
2018,Alvin Kamara,NOR,0.41127562890136937,0.3475536822919634
2018,Nick Chubb,CLE,1.5648456185758919,0.7677218614718613
2018,Phillip Lindsay,DEN,-0.23531606132528626,2.0885416666666665
2018,Kareem Hunt,KAN,0.309642582870264,-0.6513521372492002
2018,Melvin Gordon,LAC,1.108860032937697,0.29659538066723723
2018,Doug Martin,OAK,-0.08338157932439966,0.7689036544850498
2018,Carlos Hyde,CLE,0.376511289874785,-1.1820931639443435
2018,Tevin Coleman,ATL,-0.6594044194752654,0.19378983967548757
2018,LeSean McCoy,BUF,-1.2494778014678536,0.34643848288621637
2018,Frank Gore,MIA,0.04658620826654489,-0.4487179487179489
2018,Dion Lewis,TEN,-0.2966505377527342,-0.20345086271567903
2018,LeGarrette Blount,DET,-1.2900784122621947,-1.628498262301079
2018,Matt Breida,SFO,0.21705916428145555,0.9432518663073446
2018,Alfred Blue,HOU,-1.2165898616375281,-0.20095238095238077
2018,Isaiah Crowell,NYJ,0.8125637690235203,0.6194805194805193
2018,Latavius Murray,MIN,-0.39216285160471887,-0.4704365079365078
2018,Mark Ingram,NOR,0.955671829728724,-0.37736195193542477
2018,Gus Edwards,BAL,0.5480420784195639,0.9752843320319131
2018,Dalvin Cook,MIN,0.000361853516424121,0.6466165413533833
2018,Leonard Fournette,JAX,-1.064659267147949,-0.38706766917293245
2018,Aaron Jones,GNB,-0.055462714820982195,1.6397812713602185
2018,Royce Freeman,DEN,0.2046960686905489,-2.1802586793737238
2018,Jamaal Williams,GNB,-1.0092943930453937,-1.6397812713602185
2018,Josh Adams,PHI,-0.10874046975365315,0.002328966521106146
2018,Kenyan Drake,MIA,-0.1490702840194097,-0.11458333333333348
2018,Kerryon Johnson,DET,0.9686449555727741,1.6764005173235315
2018,Chris Ivory,BUF,-0.10885768053068562,-0.8759197324414716
2018,Alex Collins,BAL,-0.25919210164414086,-0.45827804806132977
2018,Mike Davis,SEA,-0.5005194006718593,0.43760757314974175
2018,Alfred Morris,SFO,-0.46924597870278834,-1.1425773599686646
2018,Austin Ekeler,LAC,1.1557540046535655,-0.3193156379916855
2018,T.J. Yeldon,JAX,-0.4757724334973237,0.5744720965309202
2019,Derrick Henry,TEN,1.2575377715474894,0.36471185580096477
2019,Ezekiel Elliott,DAL,0.25046161494909863,0.5548172757475083
2019,Nick Chubb,CLE,1.0926779417451418,0.25011984659635655
2019,Christian McCaffrey,CAR,-1.6419812437317793,-2.7047038327526134
2019,Chris Carson,SEA,0.2573831642414484,-0.9870137788074627
2019,Joe Mixon,CIN,0.3647274384248608,0.5245011537939461
2019,Leonard Fournette,JAX,0.8995377396862614,0.8442048517520215
2019,Dalvin Cook,MIN,0.03233573966971198,-0.3846976744186046
2019,Marlon Mack,IND,-0.4667423959662515,0.02429149797570851
2019,Sony Michel,NWE,-0.9052001480372386,-0.3940896196535295
2019,Le'Veon Bell,NYJ,-0.37505287248205044,-0.21840193704600486
2019,Carlos Hyde,HOU,0.12165497178187805,0.03442340791738374
2019,Josh Jacobs,OAK,0.8843238732360589,0.05220104570753903
2019,David Montgomery,CHI,-0.22265915999378236,0.04958677685950397
2019,Aaron Jones,GNB,0.45560097342685113,-0.11234753682876608
2019,Phillip Lindsay,DEN,0.39498318033198787,0.8434794372294372
2019,Todd Gurley,LAR,-0.2540180883792331,0.3696229862149143
2019,Saquon Barkley,NYG,0.6294027853403737,0.3102918586789556
2019,Adrian Peterson,WAS,-0.14485573748577363,0.05964056121251948
2019,Mark Ingram,BAL,0.4812427435352258,0.03716759110466006
2019,Devonta Freeman,ATL,-0.8465876126733497,-0.1337312900926586
2019,Miles Sanders,PHI,0.12075350134053342,0.41840066931152675
2019,Ronald Jones II,TAM,0.9031186524875113,0.5298449612403102
2019,Alvin Kamara,NOR,0.845755631130111,-0.35544340302811817
2019,Kenyan Drake,ARI,0.0007434324614222776,0.9143173899271462
2019,Frank Gore,BUF,-0.7113083104798548,-0.9813539873780837
2019,Melvin Gordon,LAC,-0.6680685240212317,-0.07992202729044862
2019,Peyton Barber,TAM,-0.8820642047477742,-0.39117166986019436
2019,Devin Singletary,BUF,1.13558154333609,1.232367097311186
2019,Latavius Murray,NOR,-0.42154947388168307,0.35544340302811817
2019,Tevin Coleman,SFO,-1.4781458418064553,-0.7017726798748694
2019,Raheem Mostert,SFO,0.2551992673631529,0.603041786413693
2019,Gus Edwards,BAL,0.4062027304743283,0.13802776171197229
2019,Austin Ekeler,LAC,0.2230380165349831,-0.3343509724106739
2019,Royce Freeman,DEN,-0.7883650938035839,-0.8434794372294372
2019,Matt Breida,SFO,-0.43697631037937607,0.29487075601653023
2019,Jordan Howard,PHI,-0.39240684429940864,-0.3175337550750639
2019,James Conner,PIT,-0.09644505929256925,0.4700626959247649
2019,Kerryon Johnson,DET,-0.4237107939450675,-0.35862831858407085
2019,Damien Williams,KAN,1.1821923738645022,-0.8980970766685052
2019,Benny Snell Jr.,PIT,0.2936879996146178,-0.36890838206627685
2019,DeAndre Washington,OAK,-0.7544474471821437,-0.2599841834717278
2019,Jamaal Williams,GNB,-0.6971368144959204,0.11234753682876608
2019,LeSean McCoy,KAN,-0.08093761045428655,1.1625973276939345
2019,Alexander Mattison,MIN,0.200516501015174,0.46813664596273297
2020,Derrick Henry,TEN,1.1154926650487789,0.37923121055651166
2020,Dalvin Cook,MIN,0.8660288402913785,0.44581236520488865
2020,Josh Jacobs,LVR,-0.5302756689338786,-0.7899665551839463
2020,David Montgomery,CHI,0.05344965136239277,-1.7709658762290343
2020,Ezekiel Elliott,DAL,-0.15480226980170791,0.03546502191202716
2020,James Robinson,JAX,0.22574700563341932,-0.35416666666666674
2020,Kenyan Drake,ARI,-0.7555845865808346,-0.3936505197774234
2020,Jonathan Taylor,IND,0.1287560870140107,0.8238489136934422
2020,Melvin Gordon,DEN,-0.11924334560671931,-0.2146222830217357
2020,Aaron Jones,GNB,0.9021712791904923,0.15962323215383734
2020,Kareem Hunt,CLE,-0.010050212913880585,-1.0471984418172757
2020,Todd Gurley,ATL,-0.4177629103838003,-0.7054585496303287
2020,Ronald Jones II,TAM,0.7932460866287102,0.1423088972431079
2020,Nick Chubb,CLE,1.3926894417209992,0.8613807245386194
2020,Frank Gore,NYJ,-0.8528493826650494,-0.7489852457960182
2020,Alvin Kamara,NOR,0.48466877859495794,0.326532854735917
2020,Clyde Edwards-Helaire,KAN,0.09837408400712358,0.06685511156794721
2020,Antonio Gibson,WAS,0.7401969681554637,0.8193558987840945
2020,James Conner,PIT,0.4133992892279818,0.6808842866535172
2020,Mike Davis,CAR,0.7427071489820067,-0.4474416294088426
2020,Miles Sanders,PHI,0.06295103339132944,0.42652740883844453
2020,Adrian Peterson,DET,-0.7967430957891807,-0.4748223663886315
2020,Devin Singletary,BUF,0.3953286702141362,-0.5415231534634519
2020,Wayne Gallman,NYG,0.4247808779227915,0.3615841240954982
2020,David Johnson,HOU,-0.1021300424890384,1.0259560134733505
2020,Latavius Murray,NOR,-0.854936779236203,-0.326532854735917
2020,Cam Akers,LAR,-0.5974451509769919,-0.3510604530370798
2020,Gus Edwards,BAL,0.4292953151619661,-0.520005096839959
2020,Myles Gaskin,MIA,-0.7185357114413697,-0.4651009505307706
2020,Chris Carson,SEA,0.259176473191334,0.6714087876117336
2020,Darrell Henderson,LAR,-0.28460211607509406,0.07175680452456668
2020,Damien Harris,NWE,0.23152015678873725,0.8225633319021042
2020,J.K. Dobbins,BAL,0.9070236333064357,0.6899711966483371
2020,Jeff Wilson,SFO,-0.005478994276149293,0.023809523809523725
2020,Giovani Bernard,CIN,-0.6963061555168143,-0.5383064516129032
2020,Joe Mixon,CIN,-1.069212000663173,0.05878407701108612
2020,Jamaal Williams,GNB,-0.7344948562161466,-0.21073044602456337
2020,Phillip Lindsay,DEN,-0.9493487444821097,0.18196610169491523
2020,Austin Ekeler,LAC,0.6539384825233867,0.3131552355690288
2020,D'Andre Swift,DET,-0.20499898395989768,0.6823549257759782
2020,Zack Moss,BUF,0.8802065468468151,0.11787720706260041
2020,Joshua Kelley,LAC,-1.1016442036019347,-0.6660833495365872
2020,Benny Snell Jr.,PIT,-0.8851460121794457,-0.8110338060833109
2020,Raheem Mostert,SFO,-0.4120741273355312,1.031302638966873
2020,Malcolm Brown,LAR,-0.6867086509706952,0.3404121330861001
2020,Tony Pollard,DAL,0.3979017828969565,-0.03546502191202716
2020,Brian Hill,ATL,0.3413237039940691,0.09937984496124042
2021,Jonathan Taylor,IND,1.1013560490863832,0.32151285554589526
2021,Najee Harris,PIT,0.5850664618871321,0.2309310532030402
2021,Joe Mixon,CIN,-0.1906186463488948,0.04873248307353162
2021,Antonio Gibson,WAS,-0.11067315244825426,-0.12572127994404614
2021,Dalvin Cook,MIN,0.2496295464540941,0.9677895254487339
2021,Alvin Kamara,NOR,-0.10325400414818742,0.7219262295081967
2021,Ezekiel Elliott,DAL,-0.8388655759485149,-0.33838109290466223
2021,Nick Chubb,CLE,1.407587017492314,-0.11989946777055005
2021,David Montgomery,CHI,-0.47850866314902707,-0.6534265734265734
2021,Derrick Henry,TEN,-0.18806472098054924,-0.32263738606684056
2021,Josh Jacobs,LVR,0.09917705524325185,-0.32351792548621416
2021,Sony Michel,LAR,-0.29586095449621563,-0.5585635002581308
2021,Elijah Mitchell,SFO,0.47858059483482845,-0.25486643932935493
2021,Austin Ekeler,LAC,-0.13481823704150467,-0.3268017858408334
2021,Melvin Gordon,DEN,0.5869260130313305,0.09359605911330071
2021,Javonte Williams,DEN,1.1074609633016823,-0.09359605911330071
2021,James Conner,ARI,-0.33364233541533417,-1.4747194719471948
2021,Damien Harris,NWE,0.4664245696929045,0.3314909160818993
2021,Devin Singletary,BUF,0.5392425343514207,0.4458493198465294
2021,AJ Dillon,GNB,0.28839200585742153,-0.22058823529411775
2021,Leonard Fournette,TAM,0.22242003211496833,0.010218978102189968
2021,Myles Gaskin,MIA,-0.8482865544567945,0.3285360386929339
2021,Chuba Hubbard,CAR,-0.5026947836104534,-0.34359047078842875
2021,Aaron Jones,GNB,0.405144923632578,0.28272195640616715
2021,James Robinson,JAX,0.20974039807300104,0.805440900562852
2021,Saquon Barkley,NYG,-1.0430801175185733,-0.4700124187303676
2021,Cordarrelle Patterson,ATL,-0.39507125382678576,-0.004159239453357166
2021,Jamaal Williams,DET,-0.7050360472490217,0.05321738179232627
2021,D'Andre Swift,DET,-0.6105970298983772,0.1388804924294469
2021,Darrell Henderson,LAR,-0.4170403017358026,0.5585635002581308
2021,Michael Carter,NYJ,0.38133330328177073,-0.3859649122807016
2021,Devontae Booker,NYG,-0.8542455859164063,0.5909899888765295
2021,Darrel Williams,KAN,-1.1837140273143643,-0.29532967032967017
2021,Mike Davis,ATL,-0.5716154081066523,-0.2616587745731096
2021,Miles Sanders,PHI,0.6150842458268083,0.8867751020173573
2021,Alexander Mattison,MIN,-0.14356994969700432,-1.0233564999430331
2021,D'Onta Foreman,TEN,0.24311286041867758,-0.30735000767224196
2021,Devonta Freeman,BAL,-0.8703836354436911,0.4381223328591748
2021,Rhamondre Stevenson,NWE,1.085088452014099,-0.40757347915242637
2021,Tony Pollard,DAL,0.5930799725190076,0.6245014245014242
2021,Rex Burkhead,HOU,-0.7660137130240883,0.21721311475409832
2021,Clyde Edwards-Helaire,KAN,-0.4022802227830632,0.08939227865059074
2021,Latavius Murray,BAL,-0.2152209571021717,-0.14256154723195813
2021,Rashaad Penny,SEA,1.7469899048454862,0.8072409580572315
2021,Chase Edmonds,ARI,0.003562804628660987,1.9418468731735827
2021,Alex Collins,SEA,-0.9139626596524277,-0.6198257080610023
2021,Khalil Herbert,CHI,0.06663158464974307,0.3112657995969954
2021,Ronald Jones II,TAM,-0.3064159502546,0.2941877521085443
2021,D'Ernest Johnson,CLE,0.9415031943291834,0.5978431372549022
2022,Derrick Henry,TEN,0.6397572980653178,-0.8612448942266657
2022,Josh Jacobs,LVR,1.0379149302540234,-0.17058823529411749
2022,Nick Chubb,CLE,1.3904108023558743,0.8540354277714963
2022,Saquon Barkley,NYG,-0.14487564751428658,-0.20219341974077754
2022,Najee Harris,PIT,-0.4187856132058767,-0.9302228623408126
2022,Dalvin Cook,MIN,0.03302870019614862,0.31040131040131014
2022,Jamaal Williams,DET,-0.6473832454574704,-0.8241016570471049
2022,Miles Sanders,PHI,-0.23666530675606598,0.06343593259481128
2022,Christian McCaffrey,SFO,-0.30410358292345563,-0.15208437691322985
2022,Ezekiel Elliott,DAL,-0.7558746198612949,-0.44588744588744555
2022,Kenneth Walker III,SEA,-0.140220891123902,-0.348624940730204
2022,Alvin Kamara,NOR,-0.0683623456768113,-0.10706278026905824
2022,Travis Etienne,JAX,0.21976576886151228,0.4912361020274689
2022,Dameon Pierce,HOU,1.2284846379606753,-0.12356130108423669
2022,Aaron Jones,GNB,0.8884291318486963,0.6506179936763439
2022,Tyler Allgeier,ATL,-0.09044117803331296,-0.05867768595041323
2022,Joe Mixon,CIN,-0.6621168462039162,-0.03734335839599012
2022,Rhamondre Stevenson,NWE,0.9097062811840285,-0.04087301587301573
2022,Brian Robinson Jr.,WAS,-0.37125427506195474,0.042601626016260496
2022,Austin Ekeler,LAC,0.18291196581001762,0.8799019607843139
2022,D'Onta Foreman,CAR,0.07778261373948381,-0.2068965517241379
2022,David Montgomery,CHI,0.2594651912129924,-0.7695057645902228
2022,Tony Pollard,DAL,1.135423245481734,0.2359342797156998
2022,Jonathan Taylor,IND,1.0089481728425032,0.24731359649122808
2022,Leonard Fournette,TAM,-0.9578526332564666,-0.41719214321954023
2022,Cam Akers,LAR,0.267478069698536,-0.6425791385573429
2022,AJ Dillon,GNB,-0.6436344558617362,-0.5151887747721684
2022,James Conner,ARI,-0.16532132912751007,0.2081843954147664
2022,Raheem Mostert,MIA,0.8379201210034625,0.34899955203822586
2022,Devin Singletary,BUF,-0.7405495627515455,-0.6699712184202107
2022,Latavius Murray,DEN,-0.24627064813287644,0.4442118226600984
2022,Isiah Pacheco,KAN,-0.03585761298030632,0.9025735294117645
2022,Antonio Gibson,WAS,-0.6973287565901232,-0.02916238744655919
2022,Cordarrelle Patterson,ATL,-0.16241018312516675,-0.08279220779220786
2022,Khalil Herbert,CHI,1.6186442801922813,1.1819921507573543
2022,Rachaad White,TAM,-0.7725057971045233,0.3884624068638516
2022,Kareem Hunt,CLE,-0.368890037437881,-0.8540354277714963
2022,Michael Carter,NYJ,-1.1421755550693469,-0.6851503759398496
2022,Kenyan Drake,BAL,-1.427883101263283,-0.001891195879607288
2022,Damien Harris,NWE,-0.535307986188183,-0.015139987827145873
2023,Derrick Henry,TEN,0.20724769419308461,-0.34857142857142875
2023,Christian McCaffrey,SFO,0.5343343996773202,0.9795076726342713
2023,Rachaad White,TAM,-0.7474593823006165,0.6497326203208553
2023,Travis Etienne,JAX,0.1730092312382448,0.5746388443017658
2023,Joe Mixon,CIN,-0.6529033340961756,0.9329288399393261
2023,Najee Harris,PIT,0.5619999780200623,-1.2304776944334783
2023,Tony Pollard,DAL,0.15159193411577498,0.10714285714285698
2023,Saquon Barkley,NYG,-0.0774297595292017,0.3877642825011245
2023,Chuba Hubbard,CAR,-0.05950112097393469,0.3118352235999293
2023,James Cook,BUF,-0.055309939667071234,0.5268108298171588
2023,Josh Jacobs,LVR,-0.8786948499945061,-0.20723482526057624
2023,D'Andre Swift,PHI,0.09550501938986074,0.42958040630339855
2023,Kyren Williams,LAR,0.7769153199806313,1.3038209931608684
2023,Breece Hall,NYJ,0.5532107220270643,0.3208041517609712
2023,David Montgomery,DET,0.3740891758113145,-0.31689088191330317
2023,Kenneth Walker III,SEA,-0.1693742581981634,0.16268090705053817
2023,Javonte Williams,DEN,-0.7886919903261429,-0.8528917943771657
2023,Devin Singletary,HOU,-0.20843148778928539,1.3049169859514687
2023,Bijan Robinson,ATL,0.23528422750185607,0.9084428956122286
2023,Raheem Mostert,MIA,0.10088358659423002,-0.7989913358334415
2023,James Conner,ARI,0.9157475147610499,0.2694597069597071
2023,Isiah Pacheco,KAN,0.1511202652275344,0.6917763867904168
2023,Jerome Ford,CLE,0.3257907865724526,0.11105327086586847
2023,Gus Edwards,BAL,-0.6571386269642828,-1.138647622724056
2023,Tyler Allgeier,ATL,-0.20123041698284783,-0.7795698924731183
2023,Ezekiel Elliott,NWE,-0.8187738465403664,0.11729019211324565
2023,Zack Moss,IND,-0.2939193333976404,0.679638869090045
2023,Jahmyr Gibbs,DET,1.1942525891920368,0.3104395604395602
2023,Alvin Kamara,NOR,-0.526536683380002,0.6361111111111111
2023,Alexander Mattison,MIN,-0.8039671790524101,-0.38730158730158726
2023,Austin Ekeler,LAC,-0.5184103702882275,0.07545779019242715
2023,AJ Dillon,GNB,-0.9836251672593077,-0.7794047334448961
2023,Brian Robinson Jr.,WAS,0.1591125147701381,0.053467648198372686
2023,Jonathan Taylor,IND,0.7941029367983541,-0.6378407216994857
2023,Rhamondre Stevenson,NWE,0.16257935412766364,0.09243589743589742
2023,Jaylen Warren,PIT,1.9386994086217606,1.2304776944334783
2023,Dameon Pierce,HOU,-0.7737883361756303,-1.3049169859514687
2023,Aaron Jones,GNB,0.5414218041934078,0.3687751509054329
2023,Kareem Hunt,CLE,-1.5266327213452584,-0.553546767106089
2023,Khalil Herbert,CHI,0.4514580896125037,-0.02121212121212146
2023,Miles Sanders,CAR,-0.48756915566076475,-0.3518826135105204
2023,D'Onta Foreman,CHI,-0.6875128094629327,-0.17434968097557313
2023,Zach Charbonnet,SEA,0.07525189630178017,-0.2250929969270583
2023,Joshua Kelley,LAC,-0.2656304090331478,0.32887677397023163
2023,Jamaal Williams,NOR,-1.3071275174543167,-0.6935911429907999
2023,Zamir White,LVR,0.5342681648629575,-0.035359801488833664
2023,De'Von Achane,MIA,2.679136295511011,2.310712975010843
2023,Ty Chandler,MIN,-0.3818650626487258,0.6022665947112791
2023,Tyjae Spears,TEN,0.1845108494188778,0.34857142857142875
2024,Saquon Barkley,PHI,0.20244354818171384,1.887370600414079
2024,Derrick Henry,BAL,2.0489708955733703,1.5305128205128204
2024,Kyren Williams,LAR,-0.25354890485392667,-0.21946202531645564
2024,Bijan Robinson,ATL,0.5024575976812291,0.38807017543859645
2024,Jonathan Taylor,IND,-0.2966015601491546,0.9258925892589258
2024,Josh Jacobs,GNB,0.7422564587262515,-0.436100289203853
2024,Najee Harris,PIT,-0.08612992574143834,-0.22941264758855295
2024,Tony Pollard,TEN,0.22324714127880763,0.27743105950653124
2024,Aaron Jones,MIN,-0.4061196127279044,0.15784313725490184
2024,D'Andre Swift,CHI,-0.8261563199585604,0.5652173913043477
2024,Jahmyr Gibbs,DET,0.8884217952812662,1.224222222222222
2024,Chuba Hubbard,CAR,-0.05827940279236385,0.34689156626506046
2024,Joe Mixon,HOU,-0.2697416734078201,0.03248299319727854
2024,James Conner,ARI,0.5169331745153134,-0.4184495693248125
2024,Rico Dowdle,DAL,0.015454450261531666,0.813881429456724
2024,Chase Brown,CIN,-0.18602265149328281,0.32160287695864387
2024,Alvin Kamara,NOR,-0.49002610818966075,0.620175438596491
2024,Breece Hall,NYJ,-0.35021272732036124,0.3538708918346538
2024,James Cook,BUF,0.3284145935414273,0.46298387602735414
2024,Bucky Irving,TAM,0.7853076236113752,0.6208974550525426
2024,Rhamondre Stevenson,NWE,-0.147170526771774,0.009661835748792313
2024,De'Von Achane,MIA,-0.3016477930535597,0.6603608592998513
2024,Kareem Hunt,KAN,-1.1261887879842365,-0.03644654088050325
2024,J.K. Dobbins,LAC,1.3107250647645565,0.7456928838951311
2024,Tyrone Tracy Jr.,NYG,-0.7532056797455632,0.9055528215223099
2024,Brian Robinson Jr.,WAS,-0.18593065118893265,-0.31393896698581436
2024,David Montgomery,DET,0.0905902445221638,-1.341406174858132
2024,Tank Bigsby,JAX,0.9319560054223548,-0.23305860805860812
2024,Jordan Mason,SFO,0.5351945971492349,0.6569194151649098
2024,Kenneth Walker III,SEA,-0.19887263643702505,-0.4738168359713364
2024,Travis Etienne,JAX,-1.0169682007780039,0.016666666666666607
2024,Rachaad White,TAM,0.1232565802976372,-1.294666018158236
2024,Javonte Williams,DEN,-1.0743151700294353,-0.43388489208633096
2024,Tyler Allgeier,ATL,0.29060700739655276,-0.23534965115475837
2024,Zach Charbonnet,SEA,0.3062356709056836,0.021256038647343045
2024,Alexander Mattison,LVR,-1.1744590141639786,-0.5696078431372549
2024,Antonio Gibson,NWE,1.0500558223508414,0.012500000000000178
2024,Jaylen Warren,PIT,-0.0165122942161645,0.46737288135593236
2024,Ray Davis,BUF,-0.6616510941580551,-0.644162146731373
2024,Jaleel McLaughlin,DEN,-0.32302384628350495,0.8407079646017701
2024,Devin Singletary,NYG,-0.22743726307709822,-0.740097946558983
2024,Jerome Ford,CLE,0.18461788047264388,1.4580112098956322
2024,Emanuel Wilson,GNB,0.6269372538394126,0.5480107170637551
2024,Nick Chubb,CLE,-1.5080753993117573,-1.0447761194029852
2024,Gus Edwards,LAC,0.23421383806019708,-0.7403174140943507
2025,Jonathan Taylor,IND,0.9346651424572187,0.5705882352941178
2025,Christian McCaffrey,SFO,-1.0777961250824735,-0.23525094366000276
2025,James Cook,BUF,0.46699747498669525,0.4888529306005034
2025,Derrick Henry,BAL,0.09286719658857626,-0.24408815939760586
2025,Bijan Robinson,ATL,0.8298656013046336,0.8432543066689406
2025,Saquon Barkley,PHI,-0.6931025606824174,-0.3726190476190476
2025,Ashton Jeanty,LVR,0.3146147155508461,-0.0424590888987173
2025,Travis Etienne,JAX,-0.06708800301566364,0.31248185776487647
2025,Kyren Williams,LAR,-0.12539914293134763,-0.6647849820263616
2025,Javonte Williams,DAL,0.7380798263670414,-0.45238095238095255
2025,Jahmyr Gibbs,DET,0.0528686734887287,1.028598218471636
2025,Breece Hall,NYJ,-0.3281708806447996,0.18765432098765444
2025,Tony Pollard,TEN,-0.221518471885768,0.06631484616150551
2025,De'Von Achane,MIA,2.0511258410274347,1.272689075630252
2025,Rico Dowdle,CAR,0.13454928170030125,0.46698217037200074
2025,Josh Jacobs,GNB,0.07174551158210857,0.1654858299595141
2025,Chase Brown,CIN,0.1996077551505441,0.09293103448275852
2025,Quinshon Judkins,CLE,0.06988794891620063,0.10689655172413781
2025,D'Andre Swift,CHI,-0.2336458575474463,0.2705707538408473
2025,Kenneth Walker III,SEA,0.4582702823884036,0.7274304792865611
2025,Jaylen Warren,PIT,0.7878247565616612,-0.17432080635471614
2025,Woody Marks,HOU,-0.738466477871902,-0.12456016889514432
2025,Zach Charbonnet,SEA,-0.37415875370504925,-0.5678341384863126
2025,TreVeyon Henderson,NWE,0.4110160250187327,1.1599476439790575
2025,Tyrone Tracy Jr.,NYG,-0.5753264277580517,0.5079545454545453
2025,Jacory Croskey-Merritt,WAS,0.5591830091963703,1.0137815126050422
2025,Bucky Irving,TAM,-1.0026411754486828,-1.035159357267858
2025,Kyle Monangai,CHI,-0.6250528025443413,-0.2705707538408473
2025,Kareem Hunt,KAN,-0.45933919538756685,-0.362834204347497
2025,Jordan Mason,MIN,0.7580638120532674,0.2354147121164738
2025,David Montgomery,DET,-0.705548778721039,-1.028598218471636
2025,Kimani Vidal,LAC,-0.2653040360931965,-0.5137710823644999
2025,J.K. Dobbins,DEN,0.6421210469044875,0.45923068681024315
2025,RJ Harvey,DEN,-0.8041630033338094,-0.7906272530641671
2025,Blake Corum,LAR,-0.042947140147510915,0.6647849820263616
2025,Tyler Allgeier,ATL,-0.9046191210270143,-0.8432543066689406
2025,Chuba Hubbard,CAR,-1.092096380953547,-0.5081623134328357
2025,Aaron Jones,MIN,-0.5018609894621451,0.2585955710955714
2025,Rachaad White,TAM,-0.325104948885053,0.7330934830934832
2025,Alvin Kamara,NOR,-0.6965151950473512,0.4011924657843622
2025,Rhamondre Stevenson,NWE,1.1540757443367253,-0.8984040855410149
2025,Emanuel Wilson,GNB,0.057900544900296586,-0.2371800766283525
2025,Omarion Hampton,LAC,0.5513979985543288,0.9903791737408034
2025,Nick Chubb,HOU,-0.07188941413951809,0.25593300585902834
2025,Devin Singletary,NYG,-0.7983693520340054,-0.5315050207808756
2025,Isiah Pacheco,KAN,-0.718216291338781,0.31560632113321874
2025,Kenneth Gainwell,PIT,0.8853810553625967,0.5562651398370404
2025,Chris Rodriguez,WAS,1.3782683629387835,-0.8007740649908033
2025,Cam Skattebo,NYG,-0.15203708164752672,-0.07209263299211255
