year,player,team,age,att,ybc_total,yac_total,brk
2018,Ezekiel Elliott,DAL,23,304,839,595,19
2018,Saquon Barkley,NYG,21,261,571,736,30
2018,David Johnson,ARI,27,258,531,409,9
2018,Todd Gurley,LAR,24,256,634,617,17
2018,Adrian Peterson,WAS,33,251,572,470,20
2018,Jordan Howard,CHI,24,250,443,492,8
2018,Chris Carson,SEA,24,247,556,595,23
2018,Joe Mixon,CIN,22,237,634,534,6
2018,Peyton Barber,TAM,24,234,424,447,20
2018,Christian McCaffrey,CAR,22,219,633,465,15
2018,James Conner,PIT,23,215,522,451,20
2018,Derrick Henry,TEN,24,215,403,656,34
2018,Lamar Miller,HOU,27,210,472,501,11
2018,Sony Michel,NWE,23,209,497,434,11
2018,Marlon Mack,IND,22,195,490,418,10
2018,Alvin Kamara,NOR,23,194,464,419,21
2018,Nick Chubb,CLE,23,192,398,598,22
2018,Phillip Lindsay,DEN,24,192,737,300,10
2018,Kareem Hunt,KAN,23,181,387,437,18
2018,Melvin Gordon,LAC,25,175,404,481,21
2018,Doug Martin,OAK,29,172,376,347,10
2018,Carlos Hyde,CLE,28,114,107,275,14
2018,Carlos Hyde,JAX,28,58,103,86,6
2018,Tevin Coleman,ATL,25,167,497,303,6
2018,LeSean McCoy,BUF,30,161,287,227,2
2018,Frank Gore,MIA,35,156,353,369,11
2018,Dion Lewis,TEN,28,155,259,258,16
2018,LeGarrette Blount,DET,32,154,170,248,7
2018,Matt Breida,SFO,23,153,496,318,12
2018,Alfred Blue,HOU,27,150,307,192,7
2018,Isaiah Crowell,NYJ,25,143,299,386,12
2018,Latavius Murray,MIN,28,140,289,289,8
2018,Mark Ingram,NOR,29,138,274,371,18
2018,Gus Edwards,BAL,23,137,356,362,7
2018,Dalvin Cook,MIN,23,133,352,263,10
2018,Leonard Fournette,JAX,23,133,213,226,3
2018,Aaron Jones,GNB,24,133,472,256,6
2018,Royce Freeman,DEN,22,130,194,327,16
2018,Jamaal Williams,GNB,23,121,231,233,5
2018,Josh Adams,PHI,22,120,256,255,8
2018,Kenyan Drake,MIA,24,120,290,245,9
2018,Kerryon Johnson,DET,21,118,376,265,14
2018,Chris Ivory,BUF,30,115,116,269,8
2018,Alex Collins,BAL,24,114,193,218,10
2018,Mike Davis,SEA,25,112,328,186,7
2018,Alfred Morris,SFO,30,111,211,217,9
2018,Austin Ekeler,LAC,23,106,206,348,9
2018,T.J. Yeldon,JAX,25,104,229,185,5
2018,Tarik Cohen,CHI,23,99,301,143,9
2018,James White,NWE,26,94,298,127,3
2018,Elijah McGuire,NYJ,24,92,100,176,5
2018,Marshawn Lynch,OAK,32,90,90,286,6
2018,Ito Smith,ATL,23,90,169,146,8
2018,Wendell Smallwood,PHI,24,87,186,178,5
2018,Nyheim Hines,IND,22,85,163,151,3
2018,Rashaad Penny,SEA,22,85,271,148,7
2018,Bilal Powell,NYJ,30,80,183,160,4
2018,Corey Clement,PHI,24,68,112,147,2
2018,C.J. Anderson,CAR,27,24,68,36,0
2018,C.J. Anderson,LAR,27,43,120,179,1
2018,Jeff Wilson,SFO,23,66,131,135,4
2018,Kenneth Dixon,BAL,24,60,119,214,10
2018,Chase Edmonds,ARI,22,60,115,93,4
2018,Jordan Wilkins,IND,24,60,203,133,2
2018,Rex Burkhead,NWE,28,57,93,93,2
2018,Giovani Bernard,CIN,27,56,124,87,1
2018,Jaylen Samuels,PIT,22,56,148,108,2
2018,Jalen Richard,OAK,25,55,120,139,8
2018,Zach Zenner,DET,27,55,114,151,2
2018,Marcus Murphy,BUF,27,52,103,147,11
2018,Wayne Gallman,NYG,24,51,84,92,4
2018,Spencer Ware,KAN,27,51,150,96,3
2018,Justin Jackson,LAC,22,50,107,99,5
2018,Damien Williams,KAN,26,50,155,101,1
2018,Jay Ajayi,PHI,25,45,103,81,4
2018,Rod Smith,DAL,26,44,59,68,2
2018,Malcolm Brown,LAR,25,43,119,93,9
2018,Chris Thompson,WAS,28,43,126,52,3
2018,Javorius Allen,BAL,27,41,37,73,0
2018,Duke Johnson,CLE,25,40,94,107,4
2018,Theo Riddick,DET,27,40,92,79,4
2018,Trenton Cannon,NYJ,24,38,26,87,5
2018,Kalen Ballage,MIA,23,36,133,58,0
2018,Devontae Booker,DEN,26,34,93,90,2
2018,Raheem Mostert,SFO,26,34,143,118,5
2018,Jacquizz Rodgers,TAM,28,33,54,52,2
2018,DeAndre Washington,OAK,25,30,38,77,3
2018,Stevan Ridley,PIT,29,29,27,53,2
2018,Darren Sproles,PHI,35,29,87,33,1
2018,John Kelly,LAR,22,27,20,54,1
2018,Dwayne Washington,NOR,24,27,92,62,1
2018,Ronald Jones II,TAM,21,23,16,28,1
2018,Keith Ford,BUF,24,21,51,28,0
2018,Kapri Bibbs,WAS,25,20,71,30,2
2018,Brian Hill,ATL,23,20,125,32,1
2018,Cameron Artis-Payne,CAR,28,19,28,41,0
2018,Kenjon Barner,NWE,29,19,44,27,1
2018,Mike Gillislee,NOR,28,16,4,39,4
2018,Devonta Freeman,ATL,26,14,51,17,0
2018,Mark Walton,CIN,21,14,19,15,0
2018,Corey Grant,JAX,27,13,16,24,0
2018,Darrel Williams,KAN,23,13,13,31,5
2018,Mike Boone,MIN,23,11,13,34,1
2018,Travaris Cadet,CAR,29,11,-2,19,0
2018,Benny Cunningham,CHI,28,11,7,13,1
2018,Detrez Newsome,LAC,24,11,23,26,1
2019,Derrick Henry,TEN,25,303,572,968,29
2019,Ezekiel Elliott,DAL,24,301,678,679,24
2019,Nick Chubb,CLE,24,298,612,882,32
2019,Christian McCaffrey,CAR,23,287,874,513,16
2019,Chris Carson,SEA,25,278,496,734,28
2019,Joe Mixon,CIN,23,278,492,645,24
2019,Leonard Fournette,JAX,24,265,360,792,16
2019,Dalvin Cook,MIN,24,250,539,596,20
2019,Marlon Mack,IND,23,247,591,500,12
2019,Sony Michel,NWE,24,247,521,391,16
2019,Le'Veon Bell,NYJ,27,245,287,502,16
2019,Carlos Hyde,HOU,29,245,525,545,22
2019,Josh Jacobs,OAK,21,242,467,683,26
2019,David Montgomery,CHI,22,242,496,393,28
2019,Aaron Jones,GNB,25,236,569,515,32
2019,Phillip Lindsay,DEN,25,224,603,408,29
2019,Todd Gurley,LAR,25,223,483,374,21
2019,Saquon Barkley,NYG,22,217,398,605,16
2019,Adrian Peterson,WAS,34,211,374,524,7
2019,Mark Ingram,BAL,30,202,494,524,18
2019,Devonta Freeman,ATL,27,184,363,293,11
2019,Miles Sanders,PHI,22,179,445,373,16
2019,Ronald Jones II,TAM,22,172,309,415,23
2019,Alvin Kamara,NOR,24,171,396,401,29
2019,Kenyan Drake,MIA,25,47,83,91,4
2019,Kenyan Drake,ARI,25,123,396,247,8
2019,Frank Gore,BUF,36,166,260,339,10
2019,Melvin Gordon,LAC,26,162,312,300,8
2019,Peyton Barber,TAM,25,154,204,266,8
2019,Devin Singletary,BUF,22,151,413,362,20
2019,Latavius Murray,NOR,29,146,390,247,11
2019,Tevin Coleman,SFO,26,137,354,190,5
2019,Raheem Mostert,SFO,27,137,475,297,12
2019,Gus Edwards,BAL,24,133,335,376,7
2019,Austin Ekeler,LAC,24,132,233,324,12
2019,Royce Freeman,DEN,23,132,244,252,8
2019,Matt Breida,SFO,24,123,402,221,8
2019,Jordan Howard,PHI,25,119,243,282,4
2019,James Conner,PIT,24,116,199,265,5
2019,Kerryon Johnson,DET,22,113,177,226,8
2019,Damien Williams,KAN,27,111,141,357,15
2019,Benny Snell Jr.,PIT,21,108,125,301,7
2019,DeAndre Washington,OAK,26,108,186,201,5
2019,Jamaal Williams,GNB,24,107,270,190,5
2019,LeSean McCoy,KAN,31,101,265,200,5
2019,Alexander Mattison,MIN,21,100,267,195,11
2019,David Johnson,ARI,28,94,175,170,6
2019,Bo Scarbrough,DET,25,89,183,194,5
2019,Tony Pollard,DAL,22,86,146,309,10
2019,Duke Johnson,HOU,26,83,175,235,8
2019,Brian Hill,ATL,24,78,157,166,3
2019,Kalen Ballage,MIA,24,74,50,85,1
2019,Malcolm Brown,LAR,26,69,110,145,10
2019,James White,NWE,27,67,165,98,3
2019,Jaylen Samuels,PIT,23,66,49,126,3
2019,Rex Burkhead,NWE,29,65,157,145,6
2019,Rashaad Penny,SEA,23,65,186,184,5
2019,Tarik Cohen,CHI,24,64,134,79,6
2019,Ty Johnson,DET,22,63,120,153,5
2019,Patrick Laird,MIA,24,62,86,82,5
2019,Boston Scott,PHI,24,61,136,109,2
2019,Chase Edmonds,ARI,23,60,180,123,4
2019,Bilal Powell,NYJ,31,59,82,147,4
2019,Justice Hill,BAL,22,58,125,100,3
2019,Dion Lewis,TEN,29,54,82,127,7
2019,Giovani Bernard,CIN,28,53,66,104,6
2019,Mark Walton,MIA,22,53,91,110,1
2019,Nyheim Hines,IND,23,52,118,81,2
2019,Jordan Wilkins,IND,25,51,140,167,4
2019,Mike Boone,MIN,24,49,93,180,2
2019,Jonathan Williams,IND,25,49,102,133,7
2019,Kareem Hunt,CLE,24,43,65,114,4
2019,Derrius Guice,WAS,22,42,52,193,3
2019,Darrel Williams,KAN,24,41,81,60,1
2019,Darrell Henderson,LAR,22,39,84,63,7
2019,Jalen Richard,OAK,26,39,90,55,0
2019,J.D. McKissic,DET,26,38,112,93,3
2019,Chris Thompson,WAS,29,37,74,64,2
2019,Darwin Thompson,KAN,22,37,58,70,4
2019,Myles Gaskin,MIA,22,36,28,105,0
2019,Ryquell Armstead,JAX,23,35,18,90,2
2019,Jon Hilliman,NYG,24,30,45,46,0
2019,Wayne Gallman,NYG,25,29,72,38,0
2019,Justin Jackson,LAC,23,29,99,101,4
2019,Jeff Wilson,SFO,24,27,66,39,0
2019,Kerrith Whyte Jr,PIT,23,24,47,75,1
2019,Ameer Abdullah,MIN,26,23,77,38,2
2019,C.J. Prosise,SEA,25,23,39,33,1
2019,Trey Edmunds,PIT,25,22,53,39,0
2019,Qadree Ollison,ATL,23,22,29,21,0
2019,Wendell Smallwood,WAS,25,22,47,34,1
2019,Ito Smith,ATL,24,22,71,35,2
2019,Travis Homer,SEA,21,18,82,32,0
2019,Tra Carson,DET,27,12,16,18,0
2019,Darren Sproles,PHI,36,17,40,26,0
2019,Spencer Ware,KAN,28,17,21,30,2
2019,T.J. Yeldon,BUF,26,17,15,48,4
2019,C.J. Anderson,DET,28,16,6,37,1
2019,Reggie Bonnafon,CAR,23,16,92,24,1
2019,Brandon Bolden,NWE,29,15,46,22,2
2019,Elijhaa Penny,NYG,26,15,16,23,1
2019,Dontrell Hilliard,CLE,24,13,36,13,0
2019,Mike Davis,CHI,26,11,16,9,0
2019,Marshawn Lynch,SEA,33,12,20,14,0
2019,Paul Perkins,DET,25,12,16,13,1
2019,Dalyn Dawkins,TEN,25,11,17,9,0
2019,Dare Ogunbowale,TAM,25,11,5,12,1
2019,Jay Ajayi,PHI,26,10,9,21,5
2019,Javorius Allen,NYG,28,10,-5,41,0
2019,Wes Hills,DET,24,10,9,12,0
2019,Troymaine Pope,LAC,26,10,11,9,0
2020,Derrick Henry,TEN,26,378,954,1073,34
2020,Dalvin Cook,MIN,25,312,801,756,33
2020,Josh Jacobs,LVR,22,273,525,540,20
2020,David Montgomery,CHI,23,247,480,590,29
2020,Ezekiel Elliott,DAL,25,244,458,521,15
2020,James Robinson,JAX,22,240,455,615,16
2020,Kenyan Drake,ARI,26,239,549,406,16
2020,Jonathan Taylor,IND,21,232,690,479,15
2020,Melvin Gordon,DEN,27,215,530,456,16
2020,Aaron Jones,GNB,26,201,512,592,14
2020,Kareem Hunt,CLE,25,198,376,465,18
2020,Todd Gurley,ATL,26,195,329,349,19
2020,Ronald Jones II,TAM,23,192,394,584,10
2020,Nick Chubb,CLE,25,190,556,511,21
2020,Frank Gore,NYJ,37,187,279,374,8
2020,Alvin Kamara,NOR,25,187,526,406,19
2020,Clyde Edwards-Helaire,KAN,21,181,419,384,15
2020,Antonio Gibson,WAS,22,170,447,348,20
2020,James Conner,PIT,25,169,385,336,17
2020,Mike Davis,CAR,27,165,244,398,21
2020,Miles Sanders,PHI,23,164,497,370,9
2020,Adrian Peterson,DET,35,156,346,258,11
2020,Devin Singletary,BUF,23,156,238,449,9
2020,Wayne Gallman,NYG,26,147,320,362,10
2020,David Johnson,HOU,29,147,402,289,7
2020,Latavius Murray,NOR,30,146,363,293,4
2020,Cam Akers,LAR,21,145,321,304,6
2020,Gus Edwards,BAL,25,144,334,389,11
2020,Myles Gaskin,MIA,23,142,297,287,6
2020,Chris Carson,SEA,26,141,375,306,10
2020,Darrell Henderson,LAR,23,138,342,282,8
2020,Damien Harris,NWE,23,137,429,262,12
2020,J.K. Dobbins,BAL,22,134,411,394,7
2020,Jeff Wilson,SFO,25,126,327,273,9
2020,Giovani Bernard,CIN,29,124,189,227,8
2020,Joe Mixon,CIN,24,119,226,202,3
2020,Jamaal Williams,GNB,25,119,277,228,5
2020,Phillip Lindsay,DEN,26,118,316,186,5
2020,Austin Ekeler,LAC,25,116,273,257,13
2020,D'Andre Swift,DET,21,114,331,190,9
2020,Zack Moss,BUF,23,112,207,274,13
2020,Joshua Kelley,LAC,23,111,184,170,7
2020,Benny Snell Jr.,PIT,22,111,160,208,6
2020,Raheem Mostert,SFO,28,104,346,175,5
2020,Malcolm Brown,LAR,27,101,271,148,7
2020,Tony Pollard,DAL,23,101,186,249,8
2020,Brian Hill,ATL,25,100,208,257,6
2020,Chase Edmonds,ARI,24,97,261,187,10
2020,Leonard Fournette,TAM,25,97,169,198,0
2020,Alexander Mattison,MIN,22,96,204,230,10
2020,Peyton Barber,WAS,26,94,144,114,4
2020,Devontae Booker,LVR,28,93,236,187,5
2020,Kalen Ballage,LAC,25,88,150,140,4
2020,Nyheim Hines,IND,24,89,224,156,8
2020,J.D. McKissic,WAS,27,85,180,185,9
2020,Jordan Wilkins,IND,26,84,148,160,10
2020,Le'Veon Bell,NYJ,28,19,31,43,3
2020,Le'Veon Bell,KAN,28,63,132,122,6
2020,Carlos Hyde,SEA,30,81,172,184,4
2020,Jerick McKinnon,SFO,28,81,191,128,3
2020,Boston Scott,PHI,25,80,220,154,10
2020,Sony Michel,NWE,25,79,164,285,9
2020,Duke Johnson,HOU,27,77,119,116,5
2020,Salvon Ahmed,MIA,22,75,245,74,4
2020,Mark Ingram,BAL,31,72,173,126,6
2020,Rex Burkhead,NWE,30,67,178,96,5
2020,La'Mical Perine,NYJ,22,64,132,100,2
2020,Samaje Perine,CIN,25,63,149,152,5
2020,Ito Smith,ATL,25,63,182,86,2
2020,Matt Breida,MIA,25,59,162,92,2
2020,Justin Jackson,LAC,24,59,174,96,2
2020,Christian McCaffrey,CAR,24,59,97,128,9
2020,Alfred Morris,NYG,32,55,115,123,3
2020,Devonta Freeman,NYG,28,54,104,68,2
2020,Ty Johnson,NYJ,23,54,155,99,1
2020,Kerryon Johnson,DET,23,52,116,65,3
2020,Jeremy McNichols,TEN,25,47,103,101,5
2020,AJ Dillon,GNB,22,46,100,142,6
2020,Rodney Smith,CAR,24,41,80,76,5
2020,Jamycal Hasty,SFO,24,39,105,43,0
2020,Darrel Williams,KAN,25,39,104,65,0
2020,Royce Freeman,DEN,24,35,94,76,2
2020,James White,NWE,28,35,78,43,1
2020,Jordan Howard,MIA,26,28,8,25,1
2020,DeeJay Dallas,SEA,22,34,47,61,2
2020,D'Ernest Johnson,CLE,24,33,101,65,2
2020,Anthony McFarland Jr.,PIT,22,33,70,43,1
2020,Dare Ogunbowale,JAX,26,32,72,73,3
2020,DeAndre Washington,MIA,27,28,54,32,1
2020,Josh Adams,NYJ,24,29,54,103,4
2020,Dion Lewis,NYG,30,29,67,48,1
2020,Tevin Coleman,SFO,27,28,6,47,3
2020,Darwin Thompson,KAN,23,27,54,43,1
2020,Ke'Shawn Vaughn,TAM,23,26,62,47,2
2020,Trayveon Williams,CIN,23,26,54,103,3
2020,Travis Homer,SEA,22,25,56,32,2
2020,J.J. Taylor,NWE,22,23,51,59,1
2020,D'Onta Foreman,TEN,24,22,46,49,2
2020,Jalen Richard,LVR,27,22,76,47,1
2020,Corey Clement,PHI,26,21,43,32,0
2020,Saquon Barkley,NYG,23,19,-1,35,1
2020,Alex Collins,SEA,26,18,41,36,0
2020,Buddy Howell,HOU,24,16,44,20,0
2020,Troymaine Pope,LAC,27,15,49,27,0
2020,Tarik Cohen,CHI,25,14,52,22,1
2020,Darrynton Evans,TEN,22,14,29,25,0
2020,Tyler Ervin,GNB,27,13,48,19,1
2020,Patrick Laird,MIA,25,13,50,22,1
2020,Reggie Bonnafon,CAR,24,12,49,20,0
2020,Justice Hill,BAL,23,12,35,25,1
2020,Antonio Williams,BUF,23,12,34,29,1
2020,Mike Boone,MIN,25,11,23,36,4
2020,Rashaad Penny,SEA,24,11,20,14,0
2020,Trenton Cannon,CAR,26,10,9,24,1
2020,LeSean McCoy,TAM,32,10,23,8,0
2020,C.J. Prosise,HOU,26,10,13,6,0
2020,T.J. Yeldon,BUF,27,10,36,34,0
2021,Jonathan Taylor,IND,22,332,870,941,25
2021,Najee Harris,PIT,23,307,525,675,30
2021,Joe Mixon,CIN,25,292,662,543,20
2021,Antonio Gibson,WAS,23,258,534,503,19
2021,Dalvin Cook,MIN,26,249,678,481,16
2021,Alvin Kamara,NOR,26,240,549,349,22
2021,Ezekiel Elliott,DAL,26,237,593,409,9
2021,Nick Chubb,CLE,26,228,567,692,23
2021,David Montgomery,CHI,24,225,432,417,16
2021,Derrick Henry,TEN,27,219,450,487,10
2021,Josh Jacobs,LVR,23,217,430,442,20
2021,Sony Michel,LAR,26,208,445,400,16
2021,Elijah Mitchell,SFO,23,207,448,515,16
2021,Austin Ekeler,LAC,26,206,477,434,13
2021,Melvin Gordon,DEN,28,203,462,456,20
2021,Javonte Williams,DEN,21,203,443,460,31
2021,James Conner,ARI,26,202,331,421,19
2021,Damien Harris,NWE,24,202,469,460,15
2021,Devin Singletary,BUF,24,188,429,441,13
2021,AJ Dillon,GNB,23,187,396,407,17
2021,Leonard Fournette,TAM,26,180,396,416,11
2021,Myles Gaskin,MIA,24,173,364,248,7
2021,Chuba Hubbard,CAR,22,172,287,325,9
2021,Aaron Jones,GNB,27,171,409,390,12
2021,James Robinson,JAX,23,164,450,317,11
2021,Saquon Barkley,NYG,24,162,314,279,4
2021,Mark Ingram,HOU,32,92,124,170,5
2021,Mark Ingram,NOR,32,68,113,147,4
2021,Cordarrelle Patterson,ATL,30,153,325,293,7
2021,Jamaal Williams,DET,26,153,382,219,10
2021,D'Andre Swift,DET,22,151,385,232,9
2021,Darrell Henderson,LAR,24,149,402,286,3
2021,Michael Carter,NYJ,22,147,294,345,13
2021,Devontae Booker,NYG,29,145,364,229,2
2021,Darrel Williams,KAN,26,144,342,216,4
2021,Mike Davis,ATL,28,138,272,231,9
2021,Miles Sanders,PHI,24,137,471,283,12
2021,Alexander Mattison,MIN,23,134,226,265,14
2021,D'Onta Foreman,TEN,25,133,267,299,11
2021,Devonta Freeman,BAL,29,133,371,205,3
2021,Rhamondre Stevenson,NWE,23,133,250,356,16
2021,Tony Pollard,DAL,24,130,398,321,7
2021,Rex Burkhead,HOU,31,122,210,217,2
2021,Clyde Edwards-Helaire,KAN,22,119,309,208,7
2021,Latavius Murray,BAL,31,119,291,210,10
2021,Rashaad Penny,SEA,25,119,376,373,10
2021,Chase Edmonds,ARI,25,116,414,178,5
2021,Alex Collins,SEA,27,108,238,173,6
2021,Khalil Herbert,CHI,23,103,247,186,9
2021,Ronald Jones II,TAM,24,101,242,186,5
2021,D'Ernest Johnson,CLE,25,100,299,235,10
2021,Christian McCaffrey,CAR,25,99,218,224,12
2021,Zack Moss,BUF,24,96,143,202,14
2021,Phillip Lindsay,HOU,27,50,94,36,0
2021,Phillip Lindsay,MIA,27,38,74,45,1
2021,Boston Scott,PHI,26,87,209,164,4
2021,Jordan Howard,PHI,27,86,208,198,7
2021,Tevin Coleman,NYJ,28,84,166,190,6
2021,Jeff Wilson,SFO,26,79,195,99,2
2021,Kareem Hunt,CLE,26,78,165,221,9
2021,Carlos Hyde,JAX,31,72,138,115,3
2021,Duke Johnson,MIA,28,71,128,202,6
2021,Kenneth Gainwell,PHI,22,68,193,98,6
2021,Justin Jackson,LAC,25,68,257,107,0
2021,Jaret Patterson,WAS,22,68,143,123,3
2021,David Johnson,HOU,30,67,109,119,4
2021,Kenyan Drake,LVR,27,63,147,107,4
2021,Ty Johnson,NYJ,24,61,174,64,3
2021,Dontrell Hilliard,TEN,26,56,214,136,4
2021,Nyheim Hines,IND,25,56,145,131,7
2021,Royce Freeman,CAR,25,21,42,35,0
2021,Royce Freeman,HOU,25,35,40,52,0
2021,Peyton Barber,LVR,27,55,125,87,4
2021,Samaje Perine,CIN,26,55,116,130,2
2021,Craig Reynolds,DET,25,55,93,137,4
2021,Salvon Ahmed,MIA,23,54,76,73,3
2021,Chris Carson,SEA,27,54,104,128,8
2021,Tony Jones,NOR,24,54,78,64,2
2021,Derrick Gore,KAN,27,51,134,122,3
2021,Ameer Abdullah,CAR,28,44,70,66,2
2021,J.D. McKissic,WAS,28,48,123,89,1
2021,Brandon Bolden,NWE,31,44,105,121,2
2021,Dare Ogunbowale,JAX,27,43,71,66,0
2021,Jeremy McNichols,TEN,26,41,96,60,1
2021,Trey Sermon,SFO,22,41,88,79,3
2021,Damien Williams,CHI,29,40,121,43,4
2021,Le'Veon Bell,BAL,29,31,46,37,3
2021,Adrian Peterson,TEN,36,27,34,48,0
2021,Adrian Peterson,SEA,36,11,5,11,1
2021,Larry Rountree,LAC,22,36,46,41,0
2021,Benny Snell Jr.,PIT,23,36,56,42,3
2021,Ke'Shawn Vaughn,TAM,24,36,58,122,5
2021,Ty'Son Williams,BAL,25,35,98,87,1
2021,Eno Benjamin,ARI,22,34,53,65,1
2021,Malcolm Brown,MIA,28,33,70,55,3
2021,Corey Clement,DAL,27,33,65,75,3
2021,DeeJay Dallas,SEA,23,33,66,72,3
2021,Joshua Kelley,LAC,24,33,59,43,2
2021,Wayne Gallman,ATL,27,28,69,35,2
2021,Marlon Mack,IND,25,28,65,36,1
2021,Matt Breida,BUF,26,26,81,44,1
2021,Austin Walter,NYJ,25,26,68,33,0
2021,Elijhaa Penny,NYG,28,24,43,56,1
2021,Patrick Taylor,GNB,23,23,53,36,2
2021,Travis Homer,SEA,23,21,121,56,2
2021,Qadree Ollison,ATL,25,21,57,48,1
2021,J.J. Taylor,NWE,23,19,25,12,0
2021,Godwin Igwebuike,DET,27,18,56,62,1
2021,Chris Evans,CIN,24,17,51,26,3
2021,Jonathan Williams,WAS,27,17,26,53,2
2021,Jamycal Hasty,SFO,25,16,46,22,2
2021,Ryquell Armstead,JAX,25,15,43,37,0
2021,Jermar Jefferson,DET,21,15,50,24,0
2021,Trayveon Williams,CIN,24,15,26,25,5
2021,Jason Huntley,PHI,23,13,38,13,0
2021,Deon Jackson,IND,22,13,13,18,1
2021,Kene Nwangwu,MIN,23,13,32,29,2
2021,Kalen Ballage,PIT,26,12,15,21,0
2021,Jerick McKinnon,KAN,29,12,43,19,0
2021,Kylin Hill,GNB,23,10,15,9,0
2021,James White,NWE,29,10,30,8,0
2022,Derrick Henry,TEN,28,349,739,799,35
2022,Josh Jacobs,LVR,24,340,832,821,31
2022,Nick Chubb,CLE,27,302,830,695,28
2022,Saquon Barkley,NYG,25,295,749,563,12
2022,Najee Harris,PIT,24,272,577,457,21
2022,Dalvin Cook,MIN,27,264,692,481,12
2022,Jamaal Williams,DET,27,262,626,440,13
2022,Miles Sanders,PHI,25,259,837,432,13
2022,Christian McCaffrey,CAR,26,85,214,179,3
2022,Christian McCaffrey,SFO,26,159,469,277,7
2022,Ezekiel Elliott,DAL,27,231,520,356,9
2022,Kenneth Walker III,SEA,22,228,623,427,12
2022,Alvin Kamara,NOR,27,223,450,447,7
2022,Travis Etienne,JAX,23,220,738,387,14
2022,Dameon Pierce,HOU,22,220,433,506,27
2022,Aaron Jones,GNB,28,213,645,476,13
2022,Tyler Allgeier,ATL,22,210,609,426,5
2022,Joe Mixon,CIN,26,210,505,309,8
2022,Rhamondre Stevenson,NWE,24,210,601,439,24
2022,Brian Robinson Jr.,WAS,23,205,457,340,8
2022,Austin Ekeler,LAC,27,204,529,386,5
2022,D'Onta Foreman,CAR,26,203,505,409,10
2022,David Montgomery,CHI,25,201,405,396,20
2022,Tony Pollard,DAL,25,193,504,503,11
2022,Jonathan Taylor,IND,23,192,481,380,24
2022,Leonard Fournette,TAM,27,189,382,286,4
2022,Cam Akers,LAR,23,188,379,407,13
2022,AJ Dillon,GNB,24,186,453,317,6
2022,James Conner,ARI,27,183,444,338,5
2022,Raheem Mostert,MIA,30,181,512,379,16
2022,Devin Singletary,BUF,25,177,546,273,9
2022,Jeff Wilson,SFO,27,92,349,119,3
2022,Jeff Wilson,MIA,27,84,233,159,6
2022,Latavius Murray,NOR,32,11,42,15,0
2022,Latavius Murray,DEN,32,160,436,267,5
2022,Isiah Pacheco,KAN,23,170,537,293,4
2022,Antonio Gibson,WAS,24,149,326,220,5
2022,Cordarrelle Patterson,ATL,31,144,414,281,4
2022,Khalil Herbert,CHI,24,129,404,327,9
2022,Rachaad White,TAM,23,129,315,166,4
2022,Kareem Hunt,CLE,27,123,233,235,6
2022,Michael Carter,NYJ,23,114,270,132,7
2022,James Robinson,JAX,24,81,222,118,4
2022,James Robinson,NYJ,24,29,66,19,2
2022,Kenyan Drake,BAL,28,109,355,127,0
2022,Damien Harris,NWE,25,106,304,158,5
2022,D'Andre Swift,DET,23,99,369,173,5
2022,Chuba Hubbard,CAR,23,95,295,171,4
2022,Samaje Perine,CIN,27,95,232,162,5
2022,Zack Moss,BUF,25,17,69,22,0
2022,Zack Moss,IND,25,76,194,171,8
2022,J.K. Dobbins,BAL,24,92,319,201,9
2022,Melvin Gordon,DEN,29,90,168,150,5
2022,James Cook,BUF,23,89,329,178,3
2022,Gus Edwards,BAL,27,87,248,185,6
2022,Zonovan Knight,NYJ,21,85,214,86,2
2022,Breece Hall,NYJ,21,80,332,131,3
2022,Jaylen Warren,PIT,24,77,242,137,5
2022,Eno Benjamin,ARI,23,70,152,147,7
2022,Caleb Huntley,ATL,24,76,219,147,0
2022,Alexander Mattison,MIN,24,74,171,112,6
2022,Jerick McKinnon,KAN,30,72,180,111,6
2022,Clyde Edwards-Helaire,KAN,23,71,134,168,3
2022,Darrell Henderson,LAR,25,70,185,98,2
2022,Joshua Kelley,LAC,25,69,165,122,4
2022,Deon Jackson,IND,23,68,136,100,1
2022,Chase Edmonds,MIA,26,42,83,37,0
2022,Chase Edmonds,DEN,26,26,71,54,0
2022,Mark Ingram,NOR,33,62,139,94,4
2022,Rashaad Penny,SEA,26,57,169,177,2
2022,Matt Breida,NYG,27,54,151,69,2
2022,Boston Scott,PHI,27,54,170,47,2
2022,Kenneth Gainwell,PHI,23,53,169,71,2
2022,Justice Hill,BAL,25,49,176,86,7
2022,Javonte Williams,DEN,22,47,94,110,6
2022,Jamycal Hasty,JAX,26,46,145,49,5
2022,Elijah Mitchell,SFO,24,45,170,109,2
2022,Jordan Mason,SFO,23,43,123,135,3
2022,Justin Jackson,DET,26,42,90,80,3
2022,Dare Ogunbowale,HOU,28,42,87,36,0
2022,Royce Freeman,HOU,26,41,92,25,2
2022,Malik Davis,DAL,24,38,119,42,2
2022,Jonathan Williams,WAS,28,37,62,90,1
2022,Sony Michel,LAC,27,36,42,64,3
2022,DeeJay Dallas,SEA,24,35,131,55,3
2022,Kyren Williams,LAR,22,35,80,59,0
2022,Tyrion Davis-Price,SFO,22,34,46,53,2
2022,Gary Brightwell,NYG,23,31,82,59,1
2022,Ty Johnson,NYJ,25,30,72,88,7
2022,Keaontay Ingram,ARI,23,27,24,36,0
2022,Rex Burkhead,HOU,32,26,49,31,2
2022,Hassan Haskins,TEN,23,25,31,62,2
2022,Mike Boone,DEN,27,24,69,33,3
2022,Trestan Ebner,CHI,23,24,24,30,1
2022,Nyheim Hines,IND,26,18,28,8,0
2022,Raheem Blackshear,CAR,23,23,38,39,1
2022,Craig Reynolds,DET,26,23,68,34,0
2022,Dontrell Hilliard,TEN,27,22,109,36,0
2022,J.D. McKissic,WAS,29,22,64,31,1
2022,Avery Williams,ATL,24,22,83,26,0
2022,Darrel Williams,ARI,27,21,78,24,0
2022,Benny Snell Jr.,PIT,24,20,54,36,0
2022,Travis Homer,SEA,24,19,42,32,1
2022,Malcolm Brown,LAR,29,18,62,19,2
2022,Kevin Harris,NWE,22,18,29,23,3
2022,Isaiah Spiller,LAC,21,18,17,24,0
2022,Brandon Bolden,LVR,32,17,50,16,0
2022,Ronald Jones II,KAN,25,17,47,23,1
2022,Jaret Patterson,WAS,23,17,40,38,0
2022,Ke'Shawn Vaughn,TAM,25,17,41,12,1
2022,Zamir White,LVR,23,17,39,31,0
2022,Marlon Mack,DEN,26,16,61,23,2
2022,Corey Clement,ARI,28,15,41,14,0
2022,Phillip Lindsay,IND,28,15,30,19,0
2022,Darrynton Evans,CHI,24,14,37,27,0
2022,Larry Rountree,LAC,23,13,9,10,0
2022,Jordan Wilkins,IND,28,13,41,17,0
2022,Salvon Ahmed,MIA,24,12,37,27,1
2022,Tevin Coleman,SFO,29,12,13,13,0
2022,Snoop Conner,JAX,23,12,31,11,0
2022,David Johnson,NOR,31,12,6,18,0
2022,Dwayne Washington,NOR,28,11,17,21,1
2022,Myles Gaskin,MIA,25,10,14,12,0
2022,Pierre Strong,NWE,24,10,81,19,0
2022,J.J. Taylor,NWE,24,10,4,5,1
2022,Patrick Taylor,GNB,24,10,13,18,0
2023,Derrick Henry,TEN,29,280,566,601,23
2023,Christian McCaffrey,SFO,27,272,853,606,15
2023,Rachaad White,TAM,24,272,594,396,9
2023,Travis Etienne,JAX,24,267,573,435,31
2023,Joe Mixon,CIN,27,257,671,363,10
2023,Najee Harris,PIT,25,255,417,618,30
2023,Tony Pollard,DAL,26,252,495,510,19
2023,Saquon Barkley,NYG,26,247,480,482,12
2023,Chuba Hubbard,CAR,24,238,467,435,17
2023,James Cook,BUF,24,237,640,482,8
2023,Josh Jacobs,LVR,25,233,451,354,10
2023,D'Andre Swift,PHI,24,229,642,407,21
2023,Kyren Williams,LAR,23,228,685,459,23
2023,Breece Hall,NYJ,22,223,500,494,19
2023,David Montgomery,DET,26,219,511,504,17
2023,Kenneth Walker III,SEA,23,219,559,346,22
2023,Javonte Williams,DEN,23,217,402,372,11
2023,Devin Singletary,HOU,26,216,550,348,10
2023,Bijan Robinson,ATL,21,214,568,408,15
2023,Raheem Mostert,MIA,31,209,547,465,16
2023,James Conner,ARI,28,208,581,459,27
2023,Isiah Pacheco,KAN,24,205,550,385,15
2023,Jerome Ford,CLE,24,204,446,367,26
2023,Gus Edwards,BAL,28,198,448,362,12
2023,Tyler Allgeier,ATL,23,186,320,363,15
2023,Ezekiel Elliott,NWE,28,184,350,292,5
2023,Zack Moss,IND,26,183,449,345,4
2023,Jahmyr Gibbs,DET,21,182,487,458,21
2023,Alvin Kamara,NOR,28,180,407,287,7
2023,Alexander Mattison,MIN,25,180,388,312,5
2023,Austin Ekeler,LAC,28,179,328,300,9
2023,AJ Dillon,GNB,25,178,311,302,5
2023,Brian Robinson Jr.,WAS,24,178,387,346,16
2023,Jonathan Taylor,IND,24,169,287,454,14
2023,Rhamondre Stevenson,NWE,25,156,296,323,11
2023,Jaylen Warren,PIT,25,149,427,357,27
2023,Dameon Pierce,HOU,23,145,180,236,12
2023,Aaron Jones,GNB,29,142,337,319,11
2023,Kareem Hunt,CLE,28,135,236,175,2
2023,Khalil Herbert,CHI,25,132,329,282,13
2023,Miles Sanders,CAR,26,129,208,224,8
2023,D'Onta Foreman,CHI,27,109,260,165,7
2023,Zach Charbonnet,SEA,22,108,253,209,10
2023,Joshua Kelley,LAC,26,107,216,189,6
2023,Jamaal Williams,NOR,28,106,156,150,3
2023,Zamir White,LVR,24,104,206,245,8
2023,De'Von Achane,MIA,22,103,484,316,13
2023,Ty Chandler,MIN,25,102,279,182,3
2023,Tyjae Spears,TEN,22,100,237,216,5
2023,Rico Dowdle,DAL,25,89,188,173,5
2023,Kenneth Gainwell,PHI,24,84,204,160,6
2023,Justice Hill,BAL,26,84,267,120,9
2023,Roschon Johnson,CHI,22,81,228,124,3
2023,Latavius Murray,BUF,33,79,174,126,3
2023,Royce Freeman,LAR,27,77,180,139,8
2023,Jaleel McLaughlin,DEN,23,76,240,170,4
2023,Elijah Mitchell,SFO,25,75,138,143,6
2023,Clyde Edwards-Helaire,KAN,24,70,145,78,4
2023,Dalvin Cook,NYJ,28,67,125,89,6
2023,Antonio Gibson,WAS,25,65,123,142,5
2023,Pierre Strong,CLE,25,63,133,158,5
2023,Cam Akers,LAR,24,22,1,28,4
2023,Cam Akers,MIN,24,38,77,61,2
2023,Emari Demercado,ARI,24,58,166,118,2
2023,Matt Breida,NYG,28,55,86,65,1
2023,Samaje Perine,DEN,28,53,109,129,2
2023,Chris Rodriguez,WAS,23,51,123,124,5
2023,Tank Bigsby,JAX,22,50,67,65,7
2023,Cordarrelle Patterson,ATL,32,50,92,89,2
2023,Chase Edmonds,TAM,27,49,102,74,2
2023,Keaton Mitchell,BAL,21,47,238,158,7
2023,Darrell Henderson,LAR,26,46,45,67,1
2023,Chase Brown,CIN,23,44,52,127,2
2023,D'Ernest Johnson,JAX,27,41,76,32,1
2023,Kendre Miller,NOR,21,41,72,84,3
2023,Craig Reynolds,DET,27,41,104,75,1
2023,Jeff Wilson,MIA,28,41,104,84,1
2023,Jordan Mason,SFO,24,40,110,96,3
2023,Isaiah Spiller,LAC,22,37,37,59,2
2023,Keaontay Ingram,ARI,24,35,33,41,3
2023,Trey Sermon,IND,24,35,61,99,4
2023,Ronnie Rivers,LAR,24,32,75,54,1
2023,Patrick Taylor,GNB,25,32,71,70,4
2023,Darrynton Evans,CHI,25,30,65,40,0
2023,Ty Johnson,BUF,26,30,68,64,1
2023,Michael Carter,ARI,24,22,104,45,1
2023,Nick Chubb,CLE,28,28,100,70,2
2023,Melvin Gordon,BAL,30,26,29,52,1
2023,Tony Jones,NOR,26,21,45,25,0
2023,Ke'Shawn Vaughn,TAM,26,24,22,20,4
2023,Damien Harris,BUF,26,23,51,43,2
2023,Deuce Vaughn,DAL,22,23,20,20,0
2023,Israel Abanikanda,NYJ,21,22,46,24,1
2023,Salvon Ahmed,MIA,25,22,18,43,2
2023,La'Mical Perine,KAN,25,22,34,43,1
2023,Jerick McKinnon,KAN,31,21,46,14,0
2023,Boston Scott,PHI,28,20,53,33,3
2023,Chris Brooks,MIA,23,19,26,80,2
2023,Eric Gray,NYG,24,17,26,22,1
2023,Kevin Harris,NWE,23,16,11,54,1
2023,Ameer Abdullah,LVR,30,15,49,40,1
2023,Sean Tucker,TAM,22,15,11,12,1
2023,Trayveon Williams,CIN,26,15,47,22,0
2023,Raheem Blackshear,CAR,24,14,28,18,1
2023,Emanuel Wilson,GNB,24,14,67,18,0
2023,Deon Jackson,IND,24,13,2,12,0
2023,Tyler Goodson,IND,23,13,58,29,0
2023,Leonard Fournette,BUF,28,12,20,20,0
2023,Rashaad Penny,PHI,27,11,16,17,0
2023,Damien Williams,ARI,31,11,15,28,1
2023,DeeJay Dallas,SEA,25,10,29,7,1
2024,Saquon Barkley,PHI,27,345,1328,677,19
2024,Derrick Henry,BAL,30,325,1012,909,42
2024,Kyren Williams,LAR,24,316,693,606,27
2024,Bijan Robinson,ATL,22,304,728,728,23
2024,Jonathan Taylor,IND,25,303,859,572,15
2024,Josh Jacobs,GNB,26,301,592,737,35
2024,Najee Harris,PIT,26,263,502,541,22
2024,Tony Pollard,TEN,27,260,521,558,22
2024,Aaron Jones,MIN,30,255,614,524,11
2024,D'Andre Swift,CHI,25,253,511,448,7
2024,Jahmyr Gibbs,DET,22,250,813,599,21
2024,Chuba Hubbard,CAR,25,250,656,539,14
2024,Joe Mixon,HOU,28,245,549,467,19
2024,James Conner,ARI,29,236,528,566,24
2024,Rico Dowdle,DAL,26,235,570,509,11
2024,Chase Brown,CIN,24,229,599,391,23
2024,Alvin Kamara,NOR,29,228,548,402,13
2024,Breece Hall,NYJ,23,209,432,444,7
2024,James Cook,BUF,25,207,530,479,14
2024,Bucky Irving,TAM,22,207,566,556,12
2024,Rhamondre Stevenson,NWE,26,207,370,431,14
2024,De'Von Achane,MIA,23,203,486,421,7
2024,Kareem Hunt,KAN,29,200,399,329,7
2024,J.K. Dobbins,LAC,26,195,416,489,24
2024,Tyrone Tracy Jr.,NYG,25,192,511,328,6
2024,Brian Robinson Jr.,WAS,25,187,378,421,10
2024,David Montgomery,DET,27,185,347,428,19
2024,Tank Bigsby,JAX,23,168,295,471,14
2024,Jordan Mason,SFO,25,153,441,348,13
2024,Kenneth Walker III,SEA,24,153,263,310,13
2024,Travis Etienne,JAX,25,150,283,275,3
2024,Rachaad White,TAM,25,144,231,382,9
2024,Javonte Williams,DEN,24,139,258,255,4
2024,Tyler Allgeier,ATL,24,137,288,356,7
2024,Zach Charbonnet,SEA,23,135,267,302,12
2024,Alexander Mattison,LVR,26,132,209,211,7
2024,Antonio Gibson,NWE,26,120,215,323,12
2024,Jaylen Warren,PIT,26,120,279,232,10
2024,Ray Davis,BUF,25,113,217,225,6
2024,Jaleel McLaughlin,DEN,24,113,302,194,8
2024,Devin Singletary,NYG,27,113,206,231,10
2024,Jerome Ford,CLE,25,104,345,220,5
2024,Cam Akers,HOU,25,40,84,63,2
2024,Cam Akers,MIN,25,64,142,155,5
2024,Emanuel Wilson,GNB,25,103,260,242,9
2024,Nick Chubb,CLE,29,102,170,162,4
2024,Gus Edwards,LAC,29,101,125,240,9
2024,Braelon Allen,NYJ,20,92,143,191,4
2024,Raheem Mostert,MIA,32,85,143,135,1
2024,Isaac Guerendo,SFO,24,84,180,240,3
2024,Tyjae Spears,TEN,23,84,128,184,13
2024,Isiah Pacheco,KAN,25,83,182,128,0
2024,Austin Ekeler,WAS,29,77,231,136,3
2024,Audric Estime,DEN,21,76,134,176,3
2024,Kenneth Gainwell,PHI,25,75,162,128,3
2024,Ezekiel Elliott,DAL,29,74,115,111,2
2024,Zack Moss,CIN,27,74,166,76,4
2024,D'Onta Foreman,CLE,28,71,131,101,0
2024,Jaylen Wright,MIA,21,68,126,123,3
2024,Ameer Abdullah,LVR,31,66,183,128,5
2024,Zamir White,LVR,25,65,93,90,4
2024,Trey Benson,ARI,22,63,157,134,4
2024,Blake Corum,LAR,24,58,122,85,0
2024,Ty Chandler,MIN,26,56,128,54,0
2024,Trey Sermon,IND,25,56,75,84,3
2024,Carson Steele,KAN,22,56,87,96,2
2024,Roschon Johnson,CHI,23,55,80,70,0
2024,Jeremy McNichols,WAS,29,55,97,164,7
2024,Miles Sanders,CAR,27,55,124,81,2
2024,Christian McCaffrey,SFO,28,50,116,86,3
2024,Sean Tucker,TAM,23,50,179,129,5
2024,Jamaal Williams,NOR,29,48,92,72,0
2024,Justice Hill,BAL,27,47,90,138,6
2024,Kimani Vidal,LAC,23,43,83,72,3
2024,Ty Johnson,BUF,27,41,106,107,2
2024,Dameon Pierce,HOU,24,40,77,216,6
2024,Sincere McCormick,LVR,24,39,90,93,5
2024,Kendre Miller,NOR,22,39,55,93,6
2024,Patrick Taylor,SFO,26,39,89,94,0
2024,Chris Brooks,GNB,24,36,74,109,6
2024,Khalil Herbert,CIN,26,28,68,46,0
2024,Michael Carter,ARI,25,35,81,50,1
2024,Chris Rodriguez,WAS,24,35,62,111,1
2024,Hassan Haskins,LAC,25,34,39,50,0
2024,Tyler Goodson,IND,24,32,93,60,0
2024,D'Ernest Johnson,JAX,28,32,79,64,0
2024,Cordarrelle Patterson,PIT,33,32,46,89,3
2024,Kenny McIntosh,SEA,24,31,97,75,5
2024,Craig Reynolds,DET,28,31,91,48,1
2024,Isaiah Davis,NYJ,22,30,66,108,4
2024,Dare Ogunbowale,HOU,30,30,70,42,1
2024,Will Shipley,PHI,22,30,44,38,0
2024,Pierre Strong,CLE,26,26,69,39,0
2024,Emari Demercado,ARI,25,24,86,137,3
2024,Julius Chestnut,TEN,24,22,55,47,2
2024,Ronnie Rivers,LAR,25,22,71,28,0
2024,Jamycal Hasty,NWE,28,20,38,31,0
2024,Jordan Mims,NOR,25,20,50,20,0
2024,Samaje Perine,KAN,29,20,54,38,0
2024,Deuce Vaughn,DAL,23,17,38,32,0
2024,Jeff Wilson,MIA,29,16,24,33,0
2024,Raheem Blackshear,CAR,25,15,35,45,2
2024,Keaton Mitchell,BAL,22,15,8,22,2
2024,Eric Gray,NYG,25,14,17,14,0
2024,Mike Boone,CAR,29,13,30,21,1
2024,Clyde Edwards-Helaire,NOR,25,13,17,29,3
2024,Terrell Jennings,NWE,23,13,19,14,0
2024,Jase McClellan,ATL,22,13,13,19,0
2024,Hunter Luepke,DAL,24,12,13,25,1
2024,Tyler Badie,DEN,24,11,22,64,1
2024,Rasheen Ali,BAL,23,10,16,15,0
2024,J.J. Taylor,HOU,26,10,34,10,0
2025,Jonathan Taylor,IND,26,323,798,787,27
2025,Christian McCaffrey,SFO,29,311,728,474,10
2025,James Cook,BUF,26,309,935,686,21
2025,Derrick Henry,BAL,31,307,866,729,13
2025,Bijan Robinson,ATL,23,287,812,666,22
2025,Saquon Barkley,PHI,28,280,689,451,18
2025,Ashton Jeanty,LVR,22,266,419,556,24
2025,Travis Etienne,JAX,26,260,562,545,10
2025,Kyren Williams,LAR,25,259,737,515,22
2025,Javonte Williams,DAL,25,252,574,627,25
2025,Jahmyr Gibbs,DET,23,243,819,404,18
2025,Breece Hall,NYJ,24,243,618,447,12
2025,Tony Pollard,TEN,28,242,640,442,16
2025,De'Von Achane,MIA,24,238,631,719,22
2025,Rico Dowdle,CAR,27,236,596,480,14
2025,Josh Jacobs,GNB,27,234,459,470,16
2025,Chase Brown,CIN,25,232,525,494,16
2025,Quinshon Judkins,CLE,22,230,322,505,11
2025,D'Andre Swift,CHI,26,223,666,421,11
2025,Kenneth Walker III,SEA,25,221,621,406,23
2025,Jaylen Warren,PIT,27,211,461,497,23
2025,Woody Marks,HOU,25,196,356,347,6
2025,Zach Charbonnet,SEA,24,184,393,337,14
2025,TreVeyon Henderson,NWE,23,180,549,362,11
2025,Tyrone Tracy Jr.,NYG,26,176,439,301,5
2025,Jacory Croskey-Merritt,WAS,24,175,443,362,13
2025,Bucky Irving,TAM,23,173,305,283,10
2025,Kyle Monangai,CHI,23,169,459,324,5
2025,Kareem Hunt,KAN,30,163,290,321,7
2025,Jordan Mason,MIN,26,159,373,385,13
2025,David Montgomery,DET,28,158,370,346,3
2025,Kimani Vidal,LAC,24,155,276,367,3
2025,J.K. Dobbins,DEN,27,153,398,374,9
2025,RJ Harvey,DEN,24,146,278,262,7
2025,Blake Corum,LAR,25,145,509,237,12
2025,Tyler Allgeier,ATL,25,143,284,230,9
2025,Chuba Hubbard,CAR,26,134,269,242,1
2025,Aaron Jones,MIN,31,132,314,234,5
2025,Rachaad White,TAM,26,132,373,199,9
2025,Alvin Kamara,NOR,30,131,282,189,7
2025,Rhamondre Stevenson,NWE,27,130,243,360,16
2025,Emanuel Wilson,GNB,26,125,217,279,7
2025,Omarion Hampton,LAC,22,124,336,209,15
2025,Nick Chubb,HOU,30,122,251,255,5
2025,Devin Singletary,NYG,28,119,219,218,4
2025,Isiah Pacheco,KAN,26,118,255,207,2
2025,Kenneth Gainwell,PIT,26,114,300,237,14
2025,Chris Rodriguez,WAS,25,112,167,333,13
2025,Cam Skattebo,NYG,23,101,218,192,7
2025,Michael Carter,ARI,26,92,209,124,3
2025,Brian Robinson Jr.,SFO,26,92,237,163,10
2025,Sean Tucker,TAM,24,86,237,83,5
2025,Samaje Perine,CIN,30,84,192,190,4
2025,Bhayshul Tuten,JAX,22,83,137,170,5
2025,Zonovan Knight,ARI,24,82,135,134,5
2025,Tyjae Spears,TEN,24,72,186,97,4
2025,Ollie Gordon,MIA,21,70,81,118,6
2025,Jaylen Wright,MIA,22,70,112,176,6
2025,Dylan Sampson,CLE,21,65,75,100,6
2025,Tank Bigsby,PHI,24,58,182,162,10
2025,Keaton Mitchell,BAL,23,59,213,128,2
2025,Ray Davis,BUF,26,58,145,130,3
2025,Devin Neal,NOR,22,57,96,110,1
2025,Malik Davis,DAL,27,52,152,98,0
2025,Ty Johnson,BUF,28,50,129,71,2
2025,Kendre Miller,NOR,23,47,72,121,7
2025,Audric Estime,NOR,22,46,100,98,7
2025,Emari Demercado,ARI,26,44,194,118,4
2025,Jeremy McNichols,WAS,30,44,68,153,6
2025,Brashard Smith,KAN,22,44,92,59,0
2025,Isaiah Davis,NYJ,23,43,130,106,2
2025,Jawhar Jordan,HOU,26,43,103,90,8
2025,Jaret Patterson,LAC,26,41,65,94,1
2025,Jaydon Blue,DAL,21,38,85,44,2
2025,Jaleel McLaughlin,DEN,25,37,114,73,2
2025,James Conner,ARI,30,32,39,56,3
2025,Zavier Scott,MIN,26,32,52,62,1
2025,Trey Benson,ARI,23,29,88,72,2
2025,Kaleb Johnson,PIT,22,28,35,34,2
2025,Chris Brooks,GNB,25,27,56,50,1
2025,Raheim Sanders,CLE,23,27,32,60,0
2025,DJ Giddens,IND,22,26,48,48,0
2025,Antonio Gibson,NWE,27,25,52,54,2
2025,Jerome Ford,CLE,26,24,43,30,9
2025,LeQuint Allen,JAX,21,23,59,35,2
2025,Terrell Jennings,NWE,24,23,50,23,1
2025,George Holani,SEA,26,22,36,37,3
2025,Raheem Mostert,LVR,33,22,36,68,2
2025,Trevor Etienne,CAR,21,20,48,46,1
2025,Miles Sanders,DAL,28,20,81,36,1
2025,Evan Hull,NOR,25,19,28,20,0
2025,Braelon Allen,NYJ,21,18,43,33,0
2025,Justice Hill,BAL,28,18,23,70,1
2025,British Brooks,HOU,26,17,22,56,2
2025,Ty Chandler,MIN,27,17,16,31,1
2025,Hassan Haskins,LAC,26,17,21,26,1
2025,Tahj Brooks,CIN,23,16,25,20,1
2025,Khalil Herbert,NYJ,27,16,15,37,0
2025,Hunter Luepke,DAL,25,16,26,45,0
2025,Najee Harris,LAC,27,15,30,31,0
2025,Ameer Abdullah,IND,32,14,28,32,1
2025,Austin Ekeler,WAS,30,14,23,20,0
2025,Will Shipley,PHI,23,14,28,21,0
2025,D'Ernest Johnson,NWE,29,13,16,9,1
2025,Dameon Pierce,HOU,25,10,7,19,2
2025,Kene Nwangwu,NYJ,27,13,24,25,0
2025,AJ Dillon,PHI,27,12,28,32,2
2025,Corey Kiner,ARI,23,12,29,29,1
2025,Zamir White,LVR,26,12,19,13,0
2025,Julius Chestnut,TEN,25,11,28,12,0
2025,Dare Ogunbowale,HOU,31,11,11,14,0
