year,player,team,age,g,rush_att,rush_yds,rush_td,targets,rec,rec_yds,rec_td,fmb,ppr
2018,Todd Gurley,LAR,24,14,256,1251,17,81,59,580,4,1,372.1
2018,Saquon Barkley,NYG,21,16,261,1307,11,121,91,721,4,0,385.8
2018,Christian McCaffrey,CAR,22,16,219,1098,7,124,107,867,6,1,385.5
2018,Alvin Kamara,NOR,23,15,194,883,14,105,81,709,4,0,354.2
2018,Ezekiel Elliott,DAL,23,15,304,1434,6,95,77,567,3,1,329.1
2018,Melvin Gordon,LAC,25,12,175,885,10,66,50,490,4,0,275.5
2018,James Conner,PIT,23,13,215,973,12,71,55,497,1,2,280
2018,Kareem Hunt,KAN,23,11,181,824,7,35,26,378,7,0,230.2
2018,Joe Mixon,CIN,22,14,237,1168,8,55,43,296,1,0,243.4
2018,David Johnson,ARI,27,16,258,940,7,76,50,446,3,2,246.6
2018,James White,NWE,26,16,94,425,5,123,87,751,7,0,276.6
2018,Phillip Lindsay,DEN,24,15,192,1037,9,47,35,241,1,0,222.8
2018,Derrick Henry,TEN,24,16,215,1059,12,18,15,99,0,1,201.4
2018,Chris Carson,SEA,24,14,247,1151,9,24,20,163,0,2,201.4
2018,Nick Chubb,CLE,23,16,192,996,8,29,20,149,2,0,194.5
2018,Adrian Peterson,WAS,33,16,251,1042,7,26,20,208,1,2,189
2018,Tarik Cohen,CHI,23,16,99,444,3,91,71,725,5,3,233.9
2018,Tevin Coleman,ATL,25,16,167,800,4,44,32,276,5,0,193.6
2018,Marlon Mack,IND,22,12,195,908,9,26,17,103,1,2,178.1
2018,Jordan Howard,CHI,24,16,250,935,9,26,20,145,0,1,180
2018,Kenyan Drake,MIA,24,16,120,535,4,73,53,477,5,1,206.2
2018,Lamar Miller,HOU,27,14,210,973,5,35,25,163,1,1,172.6
2018,Aaron Jones,GNB,24,12,133,728,8,35,26,206,1,1,171.4
2018,Matt Breida,SFO,23,14,153,814,3,31,27,261,2,1,162.5
2018,Sony Michel,NWE,23,13,209,931,6,11,7,50,0,1,139.1
2018,Peyton Barber,TAM,24,16,234,871,5,29,20,92,1,1,150.3
2018,Austin Ekeler,LAC,23,14,106,554,3,53,39,404,3,1,168.8
2018,Mark Ingram,NOR,29,12,138,645,6,27,21,170,1,1,142.5
2018,Isaiah Crowell,NYJ,25,13,143,685,6,28,21,152,0,0,140.7
2018,T.J. Yeldon,JAX,25,14,104,414,1,78,55,487,4,1,173.1
2018,Dalvin Cook,MIN,23,11,133,615,2,49,40,305,2,2,152
2018,Latavius Murray,MIN,28,16,140,578,6,26,22,141,0,0,131.9
2018,Kerryon Johnson,DET,21,10,118,641,3,39,32,213,1,1,139.4
2018,Dion Lewis,TEN,28,16,155,517,1,67,59,400,1,1,160.7
2018,Doug Martin,OAK,29,16,172,723,4,24,18,116,0,3,119.9
2018,Leonard Fournette,JAX,23,8,133,439,5,26,22,185,1,0,120.4
2018,Nyheim Hines,IND,22,16,85,314,2,81,63,425,2,0,160.9
2018,Alex Collins,BAL,24,10,114,411,7,21,15,105,1,3,108.6
2018,LeSean McCoy,BUF,30,14,161,514,3,46,34,238,0,0,127.2
2018,Frank Gore,MIA,35,14,156,722,0,16,12,124,1,0,102.6
2018,Jalen Richard,OAK,25,16,55,259,1,81,68,607,0,2,156.6
2018,Wendell Smallwood,PHI,24,16,87,364,3,35,28,230,2,1,117.4
2018,Gus Edwards,BAL,23,11,137,718,2,2,2,20,0,0,89.8
2018,Carlos Hyde,2TM,28,14,172,571,5,16,10,33,0,1,98.4
2018,Royce Freeman,DEN,22,14,130,521,5,20,14,72,0,1,101.3
2018,Jamaal Williams,GNB,23,16,121,464,3,41,27,210,0,0,114.4
2018,Duke Johnson,CLE,25,16,40,201,0,62,47,429,3,0,132
2018,LeGarrette Blount,DET,32,16,154,418,5,15,10,67,0,1,86.5
2018,Alfred Blue,HOU,27,16,150,499,2,27,20,154,0,0,97.3
2018,Damien Williams,KAN,26,16,50,256,4,24,23,160,2,1,98.6
2018,Josh Adams,PHI,22,14,120,511,3,13,7,58,0,1,81.9
2018,Ito Smith,ATL,23,14,90,315,4,32,27,152,0,0,97.7
2018,Elijah McGuire,NYJ,24,8,92,276,3,31,19,193,1,2,85.9
2018,Chris Ivory,BUF,30,13,115,385,1,21,13,205,0,0,78
2018,Marshawn Lynch,OAK,32,6,90,376,3,20,15,84,0,0,79
2018,Jaylen Samuels,PIT,22,14,56,256,0,29,26,199,3,0,89.5
2018,C.J. Anderson,2TM,27,11,67,403,2,9,5,41,1,0,67.4
2018,Giovani Bernard,CIN,27,12,56,211,3,48,35,218,0,0,95.9
2018,Rashaad Penny,SEA,22,14,85,419,2,12,9,75,0,0,70.4
2018,Alfred Morris,SFO,30,12,111,428,2,13,8,73,0,1,68.1
2018,Javorius Allen,BAL,27,14,41,110,3,43,35,196,2,1,93.6
2018,Corey Clement,PHI,24,11,68,259,2,25,22,192,0,0,81.1
2018,Spencer Ware,KAN,27,13,51,246,2,23,20,224,0,0,79
2018,Theo Riddick,DET,27,14,40,171,0,74,61,384,0,0,116.5
2018,Chris Thompson,WAS,28,10,43,178,0,55,41,268,1,0,91.6
2018,Devontae Booker,DEN,26,16,34,183,1,51,38,275,0,1,87.8
2018,Zach Zenner,DET,27,8,55,265,3,10,7,56,0,0,57.1
2018,Bilal Powell,NYJ,30,7,80,343,0,18,11,110,1,1,60.3
2018,Kenneth Dixon,BAL,24,6,60,333,2,7,6,51,0,1,54.4
2018,Kapri Bibbs,2TM,25,12,21,103,3,23,16,115,1,0,61.8
2018,Justin Jackson,LAC,22,13,50,206,2,19,15,135,0,0,61.1
2018,Darren Sproles,PHI,35,6,29,120,1,23,15,160,2,0,61
2018,Jacquizz Rodgers,TAM,28,16,33,106,1,45,38,304,0,1,83
2018,Jordan Wilkins,IND,24,16,60,336,1,17,16,85,0,2,60.1
2018,Chase Edmonds,ARI,22,16,60,208,2,23,20,103,0,0,63.1
2018,Jay Ajayi,PHI,25,4,45,184,3,6,5,20,0,1,43.4
2018,Rex Burkhead,NWE,28,8,57,186,0,20,14,131,1,1,49.7
2018,Malcolm Brown,LAR,25,12,43,212,0,7,5,52,1,0,39.4
2018,Raheem Mostert,SFO,26,9,34,261,1,7,6,25,0,1,38.6
2018,Trenton Cannon,NYJ,24,16,38,113,1,25,17,144,0,0,48.7
2018,Jeff Wilson,SFO,23,6,66,266,0,15,12,98,0,2,44.4
2018,Wayne Gallman,NYG,24,15,51,176,1,22,14,89,0,1,44.5
2018,Kalen Ballage,MIA,23,12,36,191,1,11,9,56,0,1,37.7
2018,Marcus Murphy,BUF,27,11,52,250,0,19,11,26,0,0,38.6
2018,Rod Smith,DAL,26,16,44,127,1,12,9,60,0,0,33.7
2019,Christian McCaffrey,CAR,23,16,287,1387,15,142,116,1005,4,0,471.2
2019,Derrick Henry,TEN,25,15,303,1540,16,24,18,206,2,3,294.6
2019,Aaron Jones,GNB,25,16,236,1084,16,68,49,474,3,2,314.8
2019,Ezekiel Elliott,DAL,24,16,301,1357,12,71,54,420,2,2,311.7
2019,Dalvin Cook,MIN,24,14,250,1135,13,63,53,519,0,2,292.4
2019,Nick Chubb,CLE,24,16,298,1494,8,49,36,278,0,3,255.2
2019,Mark Ingram,BAL,30,15,202,1018,10,29,26,247,5,2,242.5
2019,Austin Ekeler,LAC,24,16,132,557,3,108,92,993,8,2,309
2019,Chris Carson,SEA,25,15,278,1230,7,47,37,266,2,4,232.6
2019,Saquon Barkley,NYG,22,13,217,1003,6,73,52,438,2,0,244.1
2019,Joe Mixon,CIN,23,16,278,1137,5,45,35,287,3,0,225.4
2019,Todd Gurley,LAR,25,15,223,857,12,49,31,207,2,2,219.4
2019,Leonard Fournette,JAX,24,15,265,1152,3,100,76,522,0,1,259.4
2019,Josh Jacobs,OAK,21,13,242,1150,7,27,20,166,0,1,191.6
2019,Miles Sanders,PHI,22,16,179,818,3,63,50,509,3,1,218.7
2019,Alvin Kamara,NOR,24,14,171,797,5,97,81,533,1,1,248.5
2019,Marlon Mack,IND,23,14,247,1091,8,17,14,82,0,0,181.3
2019,Kenyan Drake,2TM,25,14,170,817,8,68,50,345,0,1,214.2
2019,Phillip Lindsay,DEN,25,16,224,1011,7,48,35,196,0,0,197.7
2019,Raheem Mostert,SFO,27,16,137,772,8,22,14,180,2,2,165.2
2019,Le'Veon Bell,NYJ,27,15,245,789,3,78,66,461,1,1,215
2019,David Montgomery,CHI,22,16,242,889,6,35,25,185,1,2,170.4
2019,Carlos Hyde,HOU,29,16,245,1070,6,16,10,42,0,2,153.2
2019,Sony Michel,NWE,24,16,247,912,7,20,12,94,0,1,152.6
2019,Devonta Freeman,ATL,27,14,184,656,2,70,59,410,4,2,197.6
2019,Melvin Gordon,LAC,26,12,162,612,8,55,42,296,1,3,180.8
2019,Ronald Jones II,TAM,22,16,172,724,6,40,31,309,0,2,166.3
2019,Adrian Peterson,WAS,34,15,211,898,5,23,17,142,0,2,147
2019,James White,NWE,27,15,67,263,1,95,72,645,5,1,200.2
2019,Latavius Murray,NOR,29,16,146,637,5,43,34,235,1,0,157.2
2019,Devin Singletary,BUF,22,12,151,775,2,41,29,194,2,1,147.9
2019,Tevin Coleman,SFO,26,14,137,544,6,30,21,180,1,0,135.4
2019,James Conner,PIT,24,10,116,464,4,38,34,251,3,1,145.5
2019,Damien Williams,KAN,27,11,111,498,5,37,30,213,2,1,141.1
2019,Duke Johnson,HOU,26,16,83,410,2,62,44,410,3,1,154
2019,Jamaal Williams,GNB,24,14,107,460,1,45,39,253,5,0,146.3
2019,David Johnson,ARI,28,13,94,345,2,47,36,370,4,1,141.5
2019,Peyton Barber,TAM,25,16,154,470,6,24,16,115,1,1,116.5
2019,Jordan Howard,PHI,25,10,119,525,6,14,10,69,1,0,111.4
2019,Royce Freeman,DEN,23,16,132,496,3,50,43,256,1,0,142.2
2019,LeSean McCoy,KAN,31,13,101,465,4,34,28,181,1,2,118.6
2019,Gus Edwards,BAL,24,16,133,711,2,7,7,45,0,1,92.6
2019,DeAndre Washington,OAK,26,16,108,387,3,41,36,292,0,0,121.9
2019,Tarik Cohen,CHI,24,16,64,213,0,104,79,456,3,0,163.9
2019,Matt Breida,SFO,24,13,123,623,1,22,19,120,1,1,103.3
2019,Frank Gore,BUF,36,16,166,599,2,16,13,100,0,0,94.9
2019,Kerryon Johnson,DET,22,8,113,403,3,15,10,127,1,1,85
2019,Rex Burkhead,NWE,29,13,65,302,3,38,27,279,0,1,101.1
2019,Nyheim Hines,IND,23,16,52,199,2,58,44,320,0,1,117.9
2019,Tony Pollard,DAL,22,15,86,455,2,20,15,107,1,1,89.2
2019,Boston Scott,PHI,24,11,61,245,5,26,24,204,0,1,96.9
2019,Chase Edmonds,ARI,23,13,60,303,4,21,12,105,1,0,82.8
2019,Rashaad Penny,SEA,23,10,65,370,3,11,8,83,1,1,75.3
2019,Kareem Hunt,CLE,24,8,43,179,2,44,37,285,1,0,101.4
2019,Alexander Mattison,MIN,21,13,100,462,1,12,10,82,0,1,68.4
2019,Malcolm Brown,LAR,26,14,69,255,5,6,2,16,0,0,59.1
2019,Brian Hill,ATL,24,12,78,323,2,14,10,69,1,0,67.2
2019,Jaylen Samuels,PIT,23,14,66,175,1,57,47,305,1,1,104.4
2019,Benny Snell Jr.,PIT,21,13,108,426,2,4,3,23,0,1,57.9
2019,Darrel Williams,KAN,24,12,41,141,3,19,15,167,1,1,67.8
2019,Chris Thompson,WAS,29,11,37,138,0,58,42,378,0,0,93.6
2019,Derrius Guice,WAS,22,5,42,245,2,9,7,79,1,0,57.4
2019,Mike Boone,MIN,24,16,49,273,3,4,3,17,0,0,50
2019,Jalen Richard,OAK,26,16,39,145,0,43,36,323,0,0,82.8
2019,Jordan Wilkins,IND,25,14,51,307,2,11,7,43,0,0,54
2019,Patrick Laird,MIA,24,15,62,168,1,30,23,204,0,0,68.2
2019,Jeff Wilson,SFO,24,10,27,105,4,5,3,34,1,0,46.9
2019,Brandon Bolden,NWE,29,15,15,68,3,11,9,111,1,0,50.9
2019,Justice Hill,BAL,22,16,58,225,2,15,8,70,0,0,49.5
2019,Bo Scarbrough,DET,25,6,89,377,1,4,1,5,0,1,43.2
2019,Dion Lewis,TEN,29,16,54,209,0,32,25,164,1,1,66.3
2019,Dare Ogunbowale,TAM,25,16,11,17,2,46,35,286,0,1,75.3
2019,Kalen Ballage,MIA,24,12,74,135,3,24,14,63,0,0,51.8
2019,Giovani Bernard,CIN,28,16,53,170,0,43,30,234,0,1,68.4
2019,Ryquell Armstead,JAX,23,16,35,108,0,24,14,144,2,0,51.2
2019,Wayne Gallman,NYG,25,10,29,110,2,15,11,102,1,1,48.2
2019,Ty Johnson,DET,22,16,63,273,0,31,24,109,0,1,60.2
2019,Jonathan Williams,IND,25,9,49,235,1,5,5,59,0,0,40.4
2019,Qadree Ollison,ATL,23,8,22,50,4,2,1,7,0,0,30.7
2019,Mark Walton,MIA,22,7,53,201,0,21,15,89,0,1,42
2019,Dontrell Hilliard,CLE,24,14,13,49,2,15,12,92,0,0,38.1
2019,Bilal Powell,NYJ,31,13,59,229,0,12,7,33,0,0,33.2
2019,Ito Smith,ATL,24,7,22,106,1,14,11,87,0,0,36.3
2019,Ameer Abdullah,MIN,26,16,23,115,0,21,15,88,1,1,39.3
2019,Myles Gaskin,MIA,22,7,36,133,1,12,7,51,0,0,31.4
2019,Darwin Thompson,KAN,22,12,37,128,1,10,9,43,0,0,32.1
2019,Justin Jackson,LAC,23,7,29,200,0,11,9,22,0,0,31.2
2020,Derrick Henry,TEN,26,16,378,2027,17,31,19,114,0,2,333.1
2020,Alvin Kamara,NOR,25,15,187,932,16,107,83,756,5,0,377.8
2020,Dalvin Cook,MIN,25,14,312,1557,16,54,44,361,1,3,337.8
2020,Jonathan Taylor,IND,21,15,232,1169,11,39,36,299,1,1,252.8
2020,Aaron Jones,GNB,26,14,201,1104,9,63,47,355,2,0,258.9
2020,David Montgomery,CHI,23,15,247,1070,8,68,54,438,2,1,264.8
2020,James Robinson,JAX,22,14,240,1070,7,60,49,344,3,1,250.4
2020,Josh Jacobs,LVR,22,15,273,1065,12,45,33,238,0,2,231.3
2020,Nick Chubb,CLE,25,12,190,1067,12,18,16,150,0,1,207.7
2020,Kareem Hunt,CLE,25,16,198,841,6,51,38,304,5,0,218.5
2020,Ezekiel Elliott,DAL,25,15,244,979,6,71,52,338,2,5,223.7
2020,Kenyan Drake,ARI,26,15,239,955,10,31,25,137,0,1,192.2
2020,Antonio Gibson,WAS,22,14,170,795,11,44,36,247,0,2,202.2
2020,Melvin Gordon,DEN,27,15,215,986,9,44,32,158,1,4,198.4
2020,Ronald Jones II,TAM,23,14,192,978,7,42,28,165,1,2,186.3
2020,Chris Carson,SEA,26,12,141,681,5,46,37,287,4,0,187.8
2020,J.K. Dobbins,BAL,22,15,134,805,9,24,18,120,0,0,168.5
2020,Mike Davis,CAR,27,15,165,642,6,70,59,373,2,1,206.5
2020,David Johnson,HOU,29,12,147,691,6,46,33,314,2,1,179.5
2020,D'Andre Swift,DET,21,13,114,521,8,57,46,357,2,2,189.8
2020,Miles Sanders,PHI,23,12,164,867,6,52,28,197,0,2,170.4
2020,Clyde Edwards-Helaire,KAN,21,13,181,803,4,54,36,297,1,0,176
2020,Todd Gurley,ATL,26,15,195,678,9,35,25,164,0,0,163.2
2020,James Conner,PIT,25,13,169,721,6,43,35,215,0,0,164.6
2020,Nyheim Hines,IND,24,16,89,380,3,76,63,482,4,0,193.2
2020,Jeff Wilson,SFO,25,12,126,600,7,28,13,133,3,2,142.3
2020,Myles Gaskin,MIA,23,10,142,584,3,47,41,388,2,2,164.2
2020,Gus Edwards,BAL,25,16,144,723,6,13,9,129,0,1,128.2
2020,Wayne Gallman,NYG,26,15,147,682,6,27,21,114,0,0,136.6
2020,Chase Edmonds,ARI,24,16,97,448,1,67,53,402,4,0,168
2020,Darrell Henderson,LAR,23,15,138,624,5,24,16,159,1,0,130.3
2020,Latavius Murray,NOR,30,15,146,656,4,26,23,176,1,0,136.2
2020,Adrian Peterson,DET,35,16,156,604,7,18,12,101,0,0,124.5
2020,Giovani Bernard,CIN,29,16,124,416,3,59,47,355,3,1,158.1
2020,Austin Ekeler,LAC,25,10,116,530,1,65,54,403,2,0,165.3
2020,J.D. McKissic,WAS,27,16,85,365,1,110,80,589,2,1,191.4
2020,Devin Singletary,BUF,23,16,156,687,2,50,38,269,0,1,143.6
2020,Leonard Fournette,TAM,25,13,97,367,6,47,36,233,0,0,132
2020,Jamaal Williams,GNB,25,14,119,505,2,35,31,236,1,0,127.1
2020,Jerick McKinnon,SFO,28,16,81,319,5,46,33,253,1,0,126.2
2020,Tony Pollard,DAL,23,16,101,435,4,40,28,193,1,0,120.8
2020,Cam Akers,LAR,21,13,145,625,2,14,11,123,1,1,101.8
2020,Zack Moss,BUF,23,13,112,481,4,18,14,95,1,0,101.6
2020,Malcolm Brown,LAR,27,16,101,419,5,33,23,162,0,1,109.1
2020,Damien Harris,NWE,23,10,137,691,2,7,5,52,0,0,91.3
2020,Frank Gore,NYJ,37,15,187,653,2,19,16,89,0,1,100.2
2020,Raheem Mostert,SFO,28,8,104,521,2,19,16,156,1,1,99.7
2020,Rex Burkhead,NWE,30,10,67,274,3,33,25,192,3,0,107.6
2020,Joe Mixon,CIN,24,6,119,428,3,26,21,138,1,1,99.6
2020,Alexander Mattison,MIN,22,13,96,434,2,15,13,125,1,0,86.9
2020,Christian McCaffrey,CAR,24,3,59,225,5,19,17,149,1,0,90.4
2020,Boston Scott,PHI,25,16,80,374,1,36,25,212,1,0,95.6
2020,Brian Hill,ATL,25,16,100,465,1,30,25,199,0,1,95.4
2020,Devontae Booker,LVR,28,16,93,423,3,21,17,84,0,0,85.7
2020,Carlos Hyde,SEA,30,10,81,356,4,20,16,93,0,0,84.9
2020,Sony Michel,NWE,25,9,79,449,1,9,7,114,1,0,75.3
2020,James White,NWE,28,14,35,121,2,62,49,375,1,0,116.6
2020,Kalen Ballage,2TM,25,11,91,303,3,37,29,166,0,0,93.9
2020,Benny Snell Jr.,PIT,22,16,111,368,4,14,10,61,0,1,74.9
2020,Le'Veon Bell,2TM,28,11,82,328,2,20,16,138,0,0,74.6
2020,Phillip Lindsay,DEN,26,11,118,502,1,14,7,28,0,0,66
2020,Salvon Ahmed,MIA,22,6,75,319,3,14,11,61,0,0,69
2020,Joshua Kelley,LAC,23,14,111,354,2,23,23,148,0,2,81.2
2020,Duke Johnson,HOU,27,11,77,235,1,35,28,249,1,2,84.4
2020,Samaje Perine,CIN,25,16,63,301,3,12,11,66,0,0,65.7
2020,Kerryon Johnson,DET,23,16,52,181,2,26,19,187,1,1,71.8
2020,Peyton Barber,WAS,26,16,94,258,4,7,4,12,0,0,55
2020,Jordan Wilkins,IND,26,15,84,308,1,16,12,105,0,0,61.3
2020,Mark Ingram,BAL,31,11,72,299,2,8,6,50,0,0,52.9
2020,Ty Johnson,2TM,23,13,54,254,1,21,16,99,1,0,63.3
2020,Justin Jackson,LAC,24,9,59,270,0,24,19,173,0,0,65.3
2020,La'Mical Perine,NYJ,22,10,64,232,2,15,11,63,0,0,52.5
2020,DeeJay Dallas,SEA,22,12,34,108,2,20,17,111,1,0,56.9
2020,Ito Smith,ATL,25,14,63,268,1,26,17,75,0,0,57.3
2020,AJ Dillon,GNB,22,11,46,242,2,2,2,21,0,0,40.3
2020,Dion Lewis,NYG,30,16,29,115,2,30,19,127,1,2,57.2
2020,Alfred Morris,NYG,32,9,55,238,1,4,3,19,1,0,40.7
2020,Darrel Williams,KAN,25,16,39,169,1,26,18,116,0,0,54.5
2020,Matt Breida,MIA,25,12,59,254,0,10,9,96,0,1,42
2020,Jeremy McNichols,TEN,25,16,47,204,1,17,12,55,0,0,43.9
2020,Jalen Richard,LVR,27,13,22,123,1,23,19,138,0,0,51.1
2020,Josh Adams,NYJ,24,8,29,157,2,8,6,29,0,0,36.6
2020,Jordan Howard,2TM,26,7,35,60,4,1,1,-3,0,0,30.7
2020,Devonta Freeman,NYG,28,5,54,172,1,10,7,58,0,0,36
2020,Rodney Smith,CAR,24,7,41,156,1,11,9,59,0,0,36.5
2020,Darwin Thompson,KAN,23,14,27,97,1,11,7,65,1,1,33.2
2020,Royce Freeman,DEN,24,16,35,170,0,13,12,81,0,0,37.1
2020,Jamycal Hasty,SFO,24,8,39,148,1,8,7,33,0,0,31.1
2020,Travis Homer,SEA,22,9,25,88,0,10,9,90,1,0,32.8
2020,Chris Thompson,JAX,30,8,7,20,0,23,20,146,1,0,42.6
2020,Ameer Abdullah,MIN,27,16,8,42,0,9,8,58,2,0,30
2021,Jonathan Taylor,IND,22,17,332,1811,18,51,40,360,2,2,373.1
2021,Austin Ekeler,LAC,26,16,206,911,12,94,70,647,8,3,343.8
2021,Joe Mixon,CIN,25,16,292,1205,13,48,42,314,3,1,287.9
2021,Najee Harris,PIT,23,17,307,1200,7,94,74,467,3,0,300.7
2021,James Conner,ARI,26,15,202,752,15,39,37,375,3,0,257.7
2021,Ezekiel Elliott,DAL,26,17,237,1002,10,65,47,287,2,1,252.1
2021,Nick Chubb,CLE,26,14,228,1259,8,25,20,174,1,1,215.3
2021,Damien Harris,NWE,24,15,202,929,15,21,18,132,0,2,210.1
2021,Alvin Kamara,NOR,26,13,240,898,4,67,47,439,5,0,234.7
2021,Antonio Gibson,WAS,23,16,258,1037,7,52,42,294,3,4,229.1
2021,Leonard Fournette,TAM,26,14,180,812,8,84,69,454,2,0,255.6
2021,Cordarrelle Patterson,ATL,30,16,153,618,6,69,52,548,5,0,234.6
2021,Aaron Jones,GNB,27,15,171,799,4,65,52,391,6,1,229
2021,Derrick Henry,TEN,27,8,219,937,10,20,18,154,0,0,193.3
2021,Dalvin Cook,MIN,26,13,249,1159,6,49,34,224,0,2,206.3
2021,Josh Jacobs,LVR,23,15,217,872,9,64,54,348,0,2,226
2021,Melvin Gordon,DEN,28,16,203,918,8,38,28,213,2,3,195.1
2021,Javonte Williams,DEN,21,17,203,903,4,53,43,316,3,1,204.9
2021,Devin Singletary,BUF,24,17,188,870,7,50,40,228,1,0,197.8
2021,David Montgomery,CHI,24,13,225,849,7,51,42,301,0,1,195
2021,AJ Dillon,GNB,23,17,187,803,5,37,34,313,2,1,185.6
2021,Darrel Williams,KAN,26,17,144,558,6,57,47,452,2,0,196
2021,D'Andre Swift,DET,22,13,151,617,5,78,62,452,2,1,208.9
2021,Elijah Mitchell,SFO,23,11,207,963,5,20,19,137,1,0,165
2021,James Robinson,JAX,23,14,164,767,8,46,31,222,0,2,173.9
2021,Darrell Henderson,LAR,24,12,149,688,5,40,29,176,3,0,163.4
2021,Myles Gaskin,MIA,24,17,173,612,3,63,49,234,4,1,173.6
2021,Sony Michel,LAR,26,17,208,845,4,33,21,128,1,1,146.3
2021,Tony Pollard,DAL,24,15,130,719,2,46,39,337,0,0,162.6
2021,Michael Carter,NYJ,22,14,147,639,4,55,36,325,0,1,154.4
2021,Rashaad Penny,SEA,25,10,119,749,6,8,6,48,0,0,121.7
2021,Devonta Freeman,BAL,29,16,133,576,5,42,34,190,1,0,146.6
2021,Chuba Hubbard,CAR,22,17,172,612,5,37,25,174,1,1,137.6
2021,Saquon Barkley,NYG,24,13,162,593,2,57,41,263,2,1,148.6
2021,Devontae Booker,NYG,29,16,145,593,2,45,40,268,1,0,144.1
2021,Rhamondre Stevenson,NWE,23,12,133,606,5,18,14,123,0,1,114.9
2021,Chase Edmonds,ARI,25,12,116,592,2,53,43,311,0,1,143.3
2021,Clyde Edwards-Helaire,KAN,22,10,119,517,4,23,19,129,2,2,117.6
2021,Mike Davis,ATL,28,17,138,503,3,58,44,259,1,3,138.2
2021,Alexander Mattison,MIN,23,16,134,491,3,39,32,228,1,1,125.9
2021,Latavius Murray,BAL,31,14,119,501,6,13,10,75,0,0,103.6
2021,Jamaal Williams,DET,26,13,153,601,3,28,26,157,0,0,119.8
2021,Christian McCaffrey,CAR,25,7,99,442,1,41,37,343,1,0,127.5
2021,Miles Sanders,PHI,24,12,137,754,0,34,26,158,0,1,117.2
2021,Kenneth Gainwell,PHI,22,16,68,291,5,50,33,253,1,1,123.4
2021,Kareem Hunt,CLE,26,8,78,386,5,27,22,174,0,0,110
2021,Boston Scott,PHI,26,16,87,373,7,16,13,83,0,1,98.6
2021,D'Onta Foreman,TEN,25,9,133,566,3,11,9,123,0,1,93.9
2021,D'Ernest Johnson,CLE,25,17,100,534,3,25,19,137,0,0,104.1
2021,J.D. McKissic,WAS,28,11,48,212,2,53,43,397,2,0,127.9
2021,Brandon Bolden,NWE,31,17,44,226,1,49,41,405,2,0,124.1
2021,Ty Johnson,NYJ,24,16,61,238,2,55,34,372,2,1,117
2021,Mark Ingram,2TM,32,14,160,554,2,35,27,162,0,1,108.6
2021,Zack Moss,BUF,24,13,96,345,4,32,23,197,1,1,105.2
2021,Rex Burkhead,HOU,31,16,122,427,3,32,25,186,0,0,104.3
2021,Kenyan Drake,LVR,27,12,63,254,2,40,30,291,1,0,102.5
2021,Nyheim Hines,IND,25,17,56,276,2,57,40,310,1,2,112.6
2021,Ronald Jones II,TAM,24,16,101,428,4,13,10,64,0,2,79.2
2021,Khalil Herbert,CHI,23,17,103,433,2,16,14,96,0,0,78.9
2021,Justin Jackson,LAC,25,14,68,364,2,25,22,178,0,1,86.2
2021,Jordan Howard,PHI,27,7,86,406,3,5,2,19,0,0,62.5
2021,Alex Collins,SEA,27,11,108,411,2,10,9,87,0,1,68.8
2021,Samaje Perine,CIN,26,16,55,246,1,31,27,196,1,0,83.2
2021,Duke Johnson,MIA,28,5,71,330,3,5,4,41,0,0,59.1
2021,Dontrell Hilliard,TEN,26,8,56,350,2,26,19,87,0,1,72.7
2021,Ameer Abdullah,2TM,28,17,51,166,0,53,38,289,1,0,89.5
2021,David Johnson,HOU,30,13,67,228,0,42,32,225,1,1,81.3
2021,Derrick Gore,KAN,27,11,51,256,2,9,8,105,0,0,56.1
2021,Travis Homer,SEA,23,14,21,177,1,20,16,161,0,0,61.8
2021,Jeremy McNichols,TEN,26,14,41,156,0,38,28,240,1,0,73.6
2021,Jaret Patterson,WAS,22,17,68,266,2,11,10,73,0,0,55.9
2021,Damien Williams,CHI,29,12,40,164,2,23,16,103,1,0,60.7
2021,Jeff Wilson,SFO,26,9,79,294,2,8,7,31,0,0,51.5
2021,Chris Carson,SEA,27,4,54,232,3,6,6,29,0,1,48.1
2021,Tevin Coleman,NYJ,28,11,84,356,0,16,11,49,0,0,51.5
2021,Phillip Lindsay,2TM,27,14,88,249,1,5,4,45,1,0,45.4
2021,Peyton Barber,LVR,27,10,55,212,2,13,10,67,0,0,49.9
2021,DeeJay Dallas,SEA,23,17,33,138,2,23,21,133,0,0,60.1
2021,Dare Ogunbowale,JAX,27,17,43,137,1,21,13,114,1,0,50.1
2021,Giovani Bernard,TAM,30,12,8,58,0,29,23,123,3,0,59.1
2021,Matt Breida,BUF,26,9,26,125,1,9,7,72,2,1,42.7
2021,Chris Evans,CIN,24,14,17,77,0,17,15,151,2,0,49.8
2021,Carlos Hyde,JAX,31,12,72,253,1,21,12,65,0,2,45.8
2021,Le'Veon Bell,2TM,29,8,39,101,2,7,5,30,1,0,38.1
2021,Demetric Felton,CLE,23,16,7,24,0,21,18,181,2,0,50.5
2021,Ke'Shawn Vaughn,TAM,24,12,36,180,2,8,4,26,0,0,36.6
2021,Ty'Son Williams,BAL,25,13,35,185,1,12,9,84,0,0,41.9
2021,Craig Reynolds,DET,25,5,55,230,0,8,7,52,0,0,35.2
2021,Salvon Ahmed,MIA,23,12,54,149,0,19,12,117,0,0,38.6
2021,Jamycal Hasty,SFO,25,11,16,68,1,29,23,157,0,1,49.5
2021,Elijhaa Penny,NYG,28,17,24,99,1,13,9,30,1,0,35.9
2021,Royce Freeman,2TM,25,15,56,169,0,16,10,77,0,0,34.6
2021,Jerick McKinnon,KAN,29,13,12,62,0,20,13,107,1,0,35.9
2021,James White,NWE,29,3,10,38,1,14,12,94,0,0,31.2
2022,Josh Jacobs,LVR,24,17,340,1653,12,64,53,400,0,1,328.3
2022,Christian McCaffrey,2TM,26,17,244,1139,8,108,85,741,5,0,356.4
2022,Derrick Henry,TEN,28,16,349,1538,13,41,33,398,0,3,302.8
2022,Austin Ekeler,LAC,27,17,204,915,13,127,107,722,5,3,372.7
2022,Nick Chubb,CLE,27,17,302,1525,12,37,27,239,1,1,281.4
2022,Saquon Barkley,NYG,25,16,295,1312,10,76,57,338,0,0,284
2022,Jamaal Williams,DET,27,17,262,1066,17,16,12,73,0,2,225.9
2022,Tony Pollard,DAL,25,16,193,1007,9,55,39,371,3,0,248.8
2022,Dalvin Cook,MIN,27,17,264,1173,8,56,39,295,2,4,237.8
2022,Miles Sanders,PHI,25,17,259,1269,11,26,20,78,0,2,216.7
2022,Aaron Jones,GNB,28,17,213,1121,2,72,59,395,5,3,248.6
2022,Najee Harris,PIT,24,17,272,1034,7,53,41,229,3,2,223.5
2022,Rhamondre Stevenson,NWE,24,17,210,1040,5,88,69,421,1,1,249.1
2022,Joe Mixon,CIN,26,14,210,814,7,75,60,441,2,0,239.5
2022,Kenneth Walker III,SEA,22,15,228,1050,9,35,27,165,0,0,202.5
2022,Travis Etienne,JAX,23,17,220,1125,5,45,35,316,0,3,205.1
2022,Ezekiel Elliott,DAL,27,15,231,876,12,23,17,92,0,0,185.8
2022,Alvin Kamara,NOR,27,15,223,897,2,77,57,490,2,4,211.7
2022,James Conner,ARI,27,13,183,782,7,58,46,300,1,1,200.2
2022,Leonard Fournette,TAM,27,16,189,668,3,83,73,523,3,0,226.1
2022,David Montgomery,CHI,25,16,201,801,5,40,34,316,1,2,177.7
2022,D'Andre Swift,DET,23,14,99,542,5,70,48,389,3,0,191.1
2022,Tyler Allgeier,ATL,22,16,210,1035,3,17,16,139,1,0,159.4
2022,AJ Dillon,GNB,24,17,186,770,7,43,28,206,0,0,167.6
2022,Jerick McKinnon,KAN,30,17,72,291,1,71,56,512,9,1,196.3
2022,Devin Singletary,BUF,25,16,177,819,5,52,38,280,1,3,177.9
2022,Raheem Mostert,MIA,30,16,181,891,3,42,31,202,2,1,168.3
2022,Jeff Wilson,2TM,27,16,176,860,5,37,22,185,1,2,158.5
2022,Dameon Pierce,HOU,22,13,220,939,4,39,30,165,1,2,166.4
2022,Cordarrelle Patterson,ATL,31,13,144,695,8,31,21,122,0,1,154.7
2022,Cam Akers,LAR,23,15,188,786,7,18,13,117,0,2,141.3
2022,Latavius Murray,2TM,32,13,171,760,6,35,27,132,0,0,154.2
2022,D'Onta Foreman,CAR,26,17,203,914,5,9,5,26,0,0,131
2022,Isiah Pacheco,KAN,23,17,170,830,5,14,13,130,0,2,135
2022,Antonio Gibson,WAS,24,15,149,546,3,58,46,353,2,0,165.9
2022,Jonathan Taylor,IND,23,11,192,861,4,40,28,143,0,3,146.4
2022,Khalil Herbert,CHI,24,13,129,731,4,12,9,57,1,0,117.8
2022,Samaje Perine,CIN,27,16,95,394,2,51,38,287,4,0,142.1
2022,Brian Robinson Jr.,WAS,23,12,205,797,2,12,9,60,1,0,112.7
2022,Breece Hall,NYJ,21,7,80,463,4,31,19,218,1,1,115.1
2022,Kareem Hunt,CLE,27,17,123,468,3,44,35,210,1,0,126.8
2022,Rachaad White,TAM,23,17,129,481,1,58,50,290,2,3,139.1
2022,Kenyan Drake,BAL,28,12,109,482,4,26,17,89,1,0,104.1
2022,Michael Carter,NYJ,23,16,114,402,3,54,41,288,0,1,126
2022,James Cook,BUF,23,16,89,507,2,32,21,180,1,1,105.7
2022,Clyde Edwards-Helaire,KAN,23,10,71,302,3,23,17,151,3,0,98.3
2022,James Robinson,2TM,24,11,110,425,3,14,11,51,2,0,88.6
2022,J.K. Dobbins,BAL,24,8,92,520,2,8,7,42,1,0,81.2
2022,Damien Harris,NWE,25,11,106,462,3,23,17,97,0,0,90.9
2022,Chuba Hubbard,CAR,23,15,95,466,2,17,14,171,0,1,87.7
2022,Alexander Mattison,MIN,24,17,74,283,5,18,15,91,1,0,88.4
2022,Eno Benjamin,3TM,23,15,77,313,2,34,25,193,0,0,89.6
2022,Kenneth Gainwell,PHI,23,17,53,240,4,29,23,169,0,0,87.9
2022,Jaylen Warren,PIT,24,16,77,379,1,33,28,214,0,0,93.3
2022,Melvin Gordon,DEN,29,10,90,318,2,32,25,223,0,2,87.1
2022,Gus Edwards,BAL,27,9,87,433,3,2,0,0,0,1,59.3
2022,Chase Edmonds,2TM,26,13,68,245,2,24,16,157,1,0,74.2
2022,Darrell Henderson,LAR,25,10,70,283,3,22,17,102,0,0,73.5
2022,Dontrell Hilliard,TEN,27,12,22,145,0,26,21,177,4,0,77.2
2022,Deon Jackson,IND,23,16,68,236,1,34,30,209,1,1,84.5
2022,Zack Moss,2TM,25,13,93,456,1,13,11,39,0,1,64.5
2022,Nyheim Hines,2TM,26,16,24,33,1,37,30,241,1,0,81.4
2022,Joshua Kelley,LAC,25,13,69,287,2,25,14,101,0,0,64.8
2022,Jamycal Hasty,JAX,26,17,46,194,2,26,20,126,1,0,70
2022,Rashaad Penny,SEA,26,5,57,346,2,5,4,16,0,0,52.2
2022,Zonovan Knight,NYJ,21,7,85,300,1,14,13,100,0,0,59
2022,Caleb Huntley,ATL,24,12,76,366,1,2,2,3,0,0,44.9
2022,Elijah Mitchell,SFO,24,5,45,279,2,4,3,7,0,0,43.6
2022,Boston Scott,PHI,27,15,54,217,3,6,5,15,0,0,46.2
2022,Matt Breida,NYG,27,17,54,220,1,25,20,118,0,0,59.8
2022,Rex Burkhead,HOU,32,16,26,80,0,51,37,204,1,0,77.4
2022,Justin Jackson,DET,26,16,42,170,1,19,12,101,1,0,51.1
2022,Mark Ingram,NOR,33,10,62,233,1,18,16,68,0,2,50.1
2022,Raheem Blackshear,CAR,23,13,23,77,3,12,10,93,0,1,43
2022,Jordan Mason,SFO,23,16,43,258,1,0,0,0,0,0,31.8
2022,Ty Johnson,NYJ,25,17,30,160,1,24,12,88,0,0,42.8
2022,Justice Hill,BAL,25,15,49,262,0,12,12,58,0,1,42
2022,Marlon Mack,2TM,26,8,16,84,1,10,8,99,1,0,38.3
2022,Ameer Abdullah,LVR,29,17,4,20,0,32,25,211,1,0,54.1
2022,DeeJay Dallas,SEA,24,15,35,186,0,19,17,126,0,0,46.2
2022,J.D. McKissic,WAS,29,8,22,95,0,40,27,173,0,0,55.8
2022,Dare Ogunbowale,HOU,28,17,42,123,1,26,20,104,0,0,48.7
2022,Malik Davis,DAL,24,12,38,161,1,7,6,63,0,0,34.4
2022,Travis Homer,SEA,24,10,19,74,0,18,16,157,1,1,43.1
2022,Javonte Williams,DEN,22,4,47,204,0,22,16,76,0,1,42
2022,Craig Reynolds,DET,26,9,23,102,0,10,9,116,0,0,30.8
2022,Kyren Williams,LAR,22,10,35,139,0,12,9,76,0,0,30.5
2022,Avery Williams,ATL,24,17,22,109,1,14,13,61,0,1,34
2023,Christian McCaffrey,SFO,27,16,272,1459,14,83,67,564,7,2,391.3
2023,Raheem Mostert,MIA,31,15,209,1012,18,32,25,175,3,1,267.7
2023,Travis Etienne,JAX,24,17,267,1008,11,73,58,476,1,0,282.4
2023,Kyren Williams,LAR,23,12,228,1144,12,48,32,206,3,2,255
2023,Derrick Henry,TEN,29,17,280,1167,12,36,28,214,0,0,246.7
2023,Joe Mixon,CIN,27,17,257,1034,9,64,52,376,3,0,267
2023,Breece Hall,NYJ,22,17,223,994,5,95,76,591,4,0,290.5
2023,Rachaad White,TAM,24,17,272,990,6,70,64,549,3,2,267.9
2023,David Montgomery,DET,26,14,219,1015,13,24,16,117,0,1,207.2
2023,Jahmyr Gibbs,DET,21,15,182,945,10,71,52,316,1,1,242.1
2023,James Cook,BUF,24,17,237,1122,2,54,44,445,4,2,232.7
2023,Bijan Robinson,ATL,21,17,214,976,4,86,58,487,4,3,246.3
2023,Saquon Barkley,NYG,26,14,247,962,6,60,41,280,4,2,223.2
2023,James Conner,ARI,28,13,208,1040,7,33,27,165,2,0,201.5
2023,Gus Edwards,BAL,28,17,198,810,13,13,12,180,0,2,187
2023,Kenneth Walker III,SEA,23,15,219,905,8,37,29,259,1,0,199.4
2023,Isiah Pacheco,KAN,24,14,205,935,7,49,44,244,2,1,213.9
2023,Tony Pollard,DAL,26,17,252,1005,6,67,55,311,0,1,222.6
2023,Jerome Ford,CLE,24,17,204,813,4,63,44,319,5,1,211.2
2023,Najee Harris,PIT,25,17,255,1035,8,38,29,170,0,1,195.5
2023,De'Von Achane,MIA,22,11,103,800,8,37,27,197,3,1,190.7
2023,Brian Robinson Jr.,WAS,24,15,178,733,5,43,36,368,4,2,198.1
2023,D'Andre Swift,PHI,24,16,229,1049,5,49,39,214,1,1,199.3
2023,Alvin Kamara,NOR,28,13,180,694,5,86,75,466,1,0,233
2023,Chuba Hubbard,CAR,24,17,238,902,5,44,39,233,0,0,182.5
2023,Josh Jacobs,LVR,25,13,233,805,6,54,37,296,0,1,181.1
2023,Zack Moss,IND,26,14,183,794,5,37,27,192,2,0,169.6
2023,Devin Singletary,HOU,26,17,216,898,4,38,30,193,0,0,167.3
2023,Jonathan Taylor,IND,24,10,169,741,7,23,19,153,1,0,156.4
2023,Jaylen Warren,PIT,25,17,149,784,4,74,61,370,0,2,196.4
2023,Austin Ekeler,LAC,28,14,179,628,5,74,51,436,1,4,185.4
2023,Javonte Williams,DEN,23,16,217,774,3,58,47,228,2,1,179.2
2023,Ezekiel Elliott,NWE,28,17,184,642,3,65,51,313,2,1,174.5
2023,Tyler Allgeier,ATL,23,17,186,683,4,23,18,193,1,0,137.6
2023,Rhamondre Stevenson,NWE,25,12,156,619,4,51,38,238,0,1,145.7
2023,Aaron Jones,GNB,29,11,142,656,2,43,30,233,1,1,134.9
2023,Kareem Hunt,CLE,28,15,135,411,9,21,15,84,0,0,118.5
2023,Alexander Mattison,MIN,25,16,180,700,0,44,30,192,3,2,133.2
2023,Tyjae Spears,TEN,22,17,100,453,2,70,52,385,1,0,153.8
2023,AJ Dillon,GNB,25,15,178,613,2,28,22,223,0,0,117.6
2023,Khalil Herbert,CHI,25,12,132,611,2,31,20,134,1,1,112.5
2023,Justice Hill,BAL,26,16,84,387,3,39,28,206,1,1,109.3
2023,Ty Chandler,MIN,25,17,102,461,3,25,21,159,0,0,101
2023,D'Onta Foreman,CHI,27,9,109,425,4,16,11,77,1,0,91.2
2023,Antonio Gibson,WAS,25,16,65,265,1,59,48,389,2,2,127.4
2023,Rico Dowdle,DAL,25,16,89,361,2,22,17,144,2,0,91.5
2023,Jaleel McLaughlin,DEN,23,17,76,410,1,36,31,160,2,0,106
2023,Zach Charbonnet,SEA,22,16,108,462,1,40,33,209,0,0,106.1
2023,Samaje Perine,DEN,28,17,53,238,1,56,50,455,0,2,121.3
2023,Dameon Pierce,HOU,23,14,145,416,2,17,13,101,0,0,82.7
2023,Roschon Johnson,CHI,22,15,81,352,2,40,34,209,0,0,102.1
2023,Kenneth Gainwell,PHI,24,16,84,364,2,37,30,183,0,1,97.4
2023,Latavius Murray,BUF,33,16,79,300,4,22,17,119,0,0,82.9
2023,Keaton Mitchell,BAL,21,8,47,396,2,11,9,93,0,0,69.9
2023,Miles Sanders,CAR,26,16,129,432,1,41,27,154,0,2,87.6
2023,Jerick McKinnon,KAN,31,12,21,60,1,32,25,192,4,0,84.4
2023,Zamir White,LVR,24,17,104,451,1,19,15,98,0,1,73.9
2023,Joshua Kelley,LAC,26,17,107,405,2,12,8,32,0,1,61.7
2023,Clyde Edwards-Helaire,KAN,24,15,70,223,1,22,17,188,1,0,70.1
2023,Emari Demercado,ARI,24,14,58,284,2,30,21,119,0,0,73.3
2023,Royce Freeman,LAR,27,14,77,319,2,2,1,13,0,0,46.2
2023,Jamaal Williams,NOR,28,13,106,306,1,20,18,62,0,0,60.8
2023,Jordan Mason,SFO,24,17,40,206,3,4,3,31,0,0,44.7
2023,Elijah Mitchell,SFO,25,11,75,281,2,8,6,14,0,0,47.5
2023,Chase Brown,CIN,23,12,44,179,0,15,14,156,1,0,53.5
2023,Pierre Strong,CLE,25,17,63,291,1,8,5,47,0,1,42.8
2023,Cam Akers,2TM,24,7,60,167,2,12,11,70,0,0,46.7
2023,Chris Rodriguez,WAS,23,13,51,247,2,2,2,12,0,1,37.9
2023,Michael Carter,2TM,24,15,30,187,0,31,24,101,1,0,58.8
2023,Darrell Henderson,LAR,26,4,46,112,2,14,10,103,0,0,43.5
2023,Kendre Miller,NOR,21,8,41,156,1,11,10,117,0,0,43.3
2023,Matt Breida,NYG,28,17,55,151,1,21,17,88,0,0,46.9
2023,Cordarrelle Patterson,ATL,32,14,50,181,0,12,9,38,1,0,36.9
2023,Salvon Ahmed,MIA,25,8,22,61,1,23,16,88,1,0,42.9
2023,Jeff Wilson,MIA,28,10,41,188,0,17,14,85,0,0,41.3
2023,Chase Edmonds,TAM,27,13,49,176,0,17,14,81,0,0,39.7
2023,Dalvin Cook,2TM,28,15,67,214,0,20,15,78,0,2,40.2
2023,D'Ernest Johnson,JAX,27,17,41,108,0,12,10,140,0,0,34.8
2023,Ty Johnson,BUF,26,10,30,132,0,7,7,62,1,0,32.4
2023,Tony Jones,2TM,26,7,26,95,2,10,7,37,0,0,32.2
2023,Darrynton Evans,2TM,25,7,32,121,1,12,7,49,0,0,30
2023,Ameer Abdullah,LVR,30,17,15,89,0,24,19,131,0,0,41
2023,Patrick Taylor,GNB,25,11,32,141,0,17,11,49,0,0,30
2024,Saquon Barkley,PHI,27,16,345,2005,13,43,33,278,2,1,355.3
2024,Derrick Henry,BAL,30,17,325,1921,16,22,19,193,2,1,336.4
2024,Jahmyr Gibbs,DET,22,17,250,1412,16,63,52,517,4,1,362.9
2024,Bijan Robinson,ATL,22,17,304,1456,14,72,61,431,1,0,341.7
2024,Josh Jacobs,GNB,26,17,301,1329,15,43,36,342,1,3,293.1
2024,Kyren Williams,LAR,24,16,316,1299,14,40,34,182,2,3,272.1
2024,James Cook,BUF,25,16,207,1009,16,38,32,258,2,0,266.7
2024,Jonathan Taylor,IND,25,14,303,1431,11,31,18,136,1,1,244.7
2024,De'Von Achane,MIA,23,17,203,907,6,87,78,592,6,0,299.9
2024,James Conner,ARI,29,16,236,1094,8,55,47,414,1,1,253.8
2024,Joe Mixon,HOU,28,14,245,1016,11,52,36,309,1,0,240.5
2024,Chase Brown,CIN,24,16,229,990,7,65,54,360,4,1,255
2024,Chuba Hubbard,CAR,25,15,250,1195,10,54,43,171,1,3,241.6
2024,Bucky Irving,TAM,22,17,207,1122,8,52,47,392,0,1,244.4
2024,Alvin Kamara,NOR,29,14,228,950,6,89,68,543,2,0,265.3
2024,Aaron Jones,MIN,30,17,255,1138,5,62,51,408,2,3,241.6
2024,David Montgomery,DET,27,14,185,775,12,38,36,341,0,1,221.7
2024,Breece Hall,NYJ,23,16,209,876,5,76,57,483,3,2,240.9
2024,D'Andre Swift,CHI,25,17,253,959,6,52,42,386,0,0,214.5
2024,Najee Harris,PIT,26,17,263,1043,6,48,36,283,0,0,204.6
2024,J.K. Dobbins,LAC,26,13,195,905,9,38,32,153,0,0,191.8
2024,Tony Pollard,TEN,27,16,260,1079,5,57,41,238,0,2,200.7
2024,Rico Dowdle,DAL,26,16,235,1079,2,49,39,249,3,2,197.8
2024,Rachaad White,TAM,25,16,144,613,3,57,51,393,6,3,199.6
2024,Zach Charbonnet,SEA,23,17,135,569,8,52,42,340,1,0,186.9
2024,Tyrone Tracy Jr.,NYG,25,17,192,839,5,53,38,284,1,2,182.3
2024,Rhamondre Stevenson,NWE,26,15,207,801,7,41,33,168,1,3,175.9
2024,Brian Robinson Jr.,WAS,25,14,187,799,8,25,20,159,0,2,159.8
2024,Kenneth Walker III,SEA,24,11,153,573,7,53,46,299,1,0,181.2
2024,Kareem Hunt,KAN,29,13,200,728,7,32,23,176,0,0,155.4
2024,Tank Bigsby,JAX,23,16,168,766,7,12,7,54,0,1,129
2024,Javonte Williams,DEN,24,17,139,513,4,70,52,346,0,2,157.9
2024,Jordan Mason,SFO,25,12,153,789,3,14,11,91,0,1,115
2024,Alexander Mattison,LVR,26,14,132,420,4,48,36,294,1,1,137.4
2024,Ray Davis,BUF,25,17,113,442,3,19,17,189,3,0,116.1
2024,Austin Ekeler,WAS,29,12,77,367,4,41,35,366,0,0,132.3
2024,Jerome Ford,CLE,25,14,104,565,3,43,37,225,0,0,134
2024,Tyler Allgeier,ATL,24,17,137,644,3,13,13,88,0,0,106.2
2024,Travis Etienne,JAX,25,15,150,558,2,52,39,254,0,1,130.2
2024,Jaylen Warren,PIT,26,15,120,511,1,47,38,310,0,1,124.1
2024,Ameer Abdullah,LVR,31,16,66,311,2,47,40,261,3,1,125.2
2024,Justice Hill,BAL,27,15,47,228,1,51,42,383,3,0,127.1
2024,Emanuel Wilson,GNB,25,17,103,502,4,14,11,48,1,0,96
2024,Tyjae Spears,TEN,23,12,84,312,4,35,30,224,1,0,113.6
2024,Antonio Gibson,NWE,26,17,120,538,1,29,23,206,0,0,103.4
2024,Cam Akers,2TM,25,17,104,444,2,18,14,68,3,1,93.2
2024,Isaac Guerendo,SFO,24,16,84,420,4,16,15,152,0,1,94.2
2024,Devin Singletary,NYG,27,15,113,437,4,24,21,119,0,2,96.6
2024,Ty Johnson,BUF,27,17,41,213,1,25,18,284,3,0,91.7
2024,Jaleel McLaughlin,DEN,24,16,113,496,1,27,24,76,2,1,97.2
2024,Braelon Allen,NYJ,20,17,92,334,2,27,19,148,1,0,85.2
2024,Gus Edwards,LAC,29,11,101,365,4,5,3,6,0,0,64.1
2024,Roschon Johnson,CHI,23,14,55,150,6,20,16,104,0,0,77.4
2024,Sean Tucker,TAM,23,17,50,308,2,12,9,109,1,0,68.7
2024,Zack Moss,CIN,27,8,74,242,2,27,23,187,1,1,81.9
2024,Nick Chubb,CLE,29,8,102,332,3,11,5,31,1,1,63.3
2024,Jeremy McNichols,WAS,29,17,55,261,4,12,9,27,0,0,63.8
2024,Samaje Perine,KAN,29,17,20,92,1,35,28,322,1,0,81.4
2024,Miles Sanders,CAR,27,11,55,205,2,30,24,148,1,0,77.3
2024,Raheem Mostert,MIA,32,13,85,278,2,23,19,161,0,2,70.9
2024,Kenneth Gainwell,PHI,25,17,75,290,1,22,16,116,0,0,62.6
2024,Ezekiel Elliott,DAL,29,15,74,226,3,15,12,69,0,1,57.5
2024,Isiah Pacheco,KAN,25,7,83,310,1,16,12,79,0,0,56.9
2024,Audric Estime,DEN,21,13,76,310,2,5,5,27,0,1,48.7
2024,Dameon Pierce,HOU,24,11,40,293,2,4,2,2,0,0,43.5
2024,Trey Benson,ARI,22,13,63,291,1,6,6,59,0,0,47
2024,Emari Demercado,ARI,25,13,24,223,1,20,16,104,0,0,54.7
2024,Trey Sermon,IND,25,17,56,159,2,19,16,99,0,0,53.8
2024,Isaiah Davis,NYJ,22,17,30,174,1,12,9,75,1,0,45.9
2024,Dare Ogunbowale,HOU,30,17,30,112,0,28,19,198,1,0,56
2024,Tyler Goodson,IND,24,16,32,153,1,15,11,61,1,0,44.4
2024,Christian McCaffrey,SFO,28,4,50,202,0,19,15,146,0,1,47.8
2024,Chris Brooks,GNB,24,15,36,183,1,13,11,69,0,0,42.2
2024,Chris Rodriguez,WAS,24,9,35,173,2,1,1,12,0,0,31.5
2024,Hassan Haskins,LAC,25,17,34,89,2,3,3,49,1,1,32.8
2024,Kimani Vidal,LAC,23,10,43,155,0,9,5,62,1,0,32.7
2024,Jamaal Williams,NOR,29,14,48,164,1,11,9,57,0,0,37.1
2024,Blake Corum,LAR,24,17,58,207,0,8,7,58,0,0,33.5
2024,D'Onta Foreman,CLE,28,11,71,232,0,8,6,54,0,1,32.6
2024,Cordarrelle Patterson,PIT,33,13,32,135,0,14,12,80,1,1,37.5
2024,Michael Carter,ARI,25,3,35,131,1,11,11,57,0,0,35.8
2024,D'Ernest Johnson,JAX,28,14,32,143,0,19,12,96,0,0,35.9
2024,Khalil Herbert,2TM,26,14,36,130,1,11,10,25,0,0,31.5
2024,Pierre Strong,CLE,26,14,26,108,0,22,14,104,0,0,35.2
2025,Jonathan Taylor,IND,26,17,323,1585,18,55,46,378,2,1,362.3
2025,Christian McCaffrey,SFO,29,17,311,1202,10,129,102,924,7,0,416.6
2025,Bijan Robinson,ATL,23,17,287,1478,7,103,79,820,4,3,370.8
2025,Jahmyr Gibbs,DET,23,17,243,1223,13,94,77,616,5,1,366.9
2025,James Cook,BUF,26,17,309,1621,12,40,33,291,2,3,302.2
2025,Derrick Henry,BAL,31,17,307,1595,16,21,15,150,0,3,279.5
2025,De'Von Achane,MIA,24,16,238,1350,8,85,67,488,4,0,322.8
2025,Kyren Williams,LAR,25,17,259,1252,10,50,36,281,3,2,263.3
2025,Travis Etienne,JAX,26,17,260,1107,7,52,36,292,6,0,253.9
2025,Chase Brown,CIN,25,17,232,1019,6,88,69,437,5,0,282.6
2025,Javonte Williams,DAL,25,16,252,1201,11,51,35,137,2,2,242.8
2025,Josh Jacobs,GNB,27,15,234,929,13,44,36,282,1,2,237.1
2025,D'Andre Swift,CHI,26,16,223,1087,9,48,34,299,1,2,228.6
2025,Saquon Barkley,PHI,28,16,280,1140,7,50,37,273,2,1,232.3
2025,Ashton Jeanty,LVR,22,17,266,975,5,73,55,346,5,1,245.1
2025,Rico Dowdle,CAR,27,17,236,1076,6,50,39,297,1,1,216.3
2025,Jaylen Warren,PIT,27,16,211,958,6,45,40,333,2,0,217.1
2025,Breece Hall,NYJ,24,16,243,1065,4,48,36,350,1,2,207.7
2025,TreVeyon Henderson,NWE,23,17,180,911,9,42,35,221,1,1,206.2
2025,Zach Charbonnet,SEA,24,16,184,730,12,24,20,144,0,0,181.4
2025,Kenneth Walker III,SEA,25,17,221,1027,5,36,31,282,0,0,191.9
2025,RJ Harvey,DEN,24,17,146,540,7,58,47,356,5,1,206.6
2025,Tony Pollard,TEN,28,17,242,1082,5,41,33,206,0,3,185.8
2025,Kenneth Gainwell,PIT,26,17,114,537,5,85,73,486,3,1,221.3
2025,Rhamondre Stevenson,NWE,27,14,130,603,7,37,32,345,2,3,178.8
2025,Quinshon Judkins,CLE,22,14,230,827,7,36,26,171,0,0,169.8
2025,David Montgomery,DET,28,17,158,716,8,29,24,192,0,1,166.9
2025,Jacory Croskey-Merritt,WAS,24,17,175,805,8,13,9,68,0,2,140.3
2025,Kyle Monangai,CHI,23,17,169,783,5,30,18,164,0,0,146.7
2025,Kareem Hunt,KAN,30,17,163,611,8,25,18,143,1,1,145.4
2025,Woody Marks,HOU,25,16,196,703,2,36,24,208,3,0,151.1
2025,Tyrone Tracy Jr.,NYG,26,15,176,740,2,48,36,288,2,1,160.8
2025,Jordan Mason,MIN,26,16,159,758,6,16,14,51,0,1,128.9
2025,Blake Corum,LAR,25,17,145,746,6,14,8,36,0,0,122.2
2025,Tyler Allgeier,ATL,25,17,143,514,8,16,14,96,0,0,123
2025,Bucky Irving,TAM,23,10,173,588,1,35,30,277,3,1,138.5
2025,J.K. Dobbins,DEN,27,10,153,772,4,14,11,37,0,0,115.9
2025,Omarion Hampton,LAC,22,9,124,545,4,35,32,192,1,0,135.7
2025,Cam Skattebo,NYG,23,8,101,410,5,32,24,207,2,1,127.7
2025,Rachaad White,TAM,26,17,132,572,4,45,40,218,0,0,143
2025,Kimani Vidal,LAC,24,13,155,643,3,22,16,136,1,0,117.9
2025,Chuba Hubbard,CAR,26,15,134,511,1,39,30,223,3,1,125.4
2025,Aaron Jones,MIN,31,12,132,548,2,41,28,199,1,1,118.7
2025,Devin Singletary,NYG,28,17,119,437,5,19,18,151,0,0,108.8
2025,Chris Rodriguez,WAS,25,13,112,500,6,4,3,30,0,0,92
2025,Sean Tucker,TAM,24,17,86,320,7,11,8,34,1,0,91.4
2025,Emanuel Wilson,GNB,26,17,125,496,3,17,15,99,0,0,94.5
2025,Bhayshul Tuten,JAX,22,15,83,307,5,14,10,79,2,1,88.6
2025,Ty Johnson,BUF,28,17,50,200,3,33,24,263,2,0,100.3
2025,Nick Chubb,HOU,30,15,122,506,3,20,13,67,0,0,88.3
2025,Zonovan Knight,ARI,24,12,82,269,4,31,22,160,1,1,92.9
2025,Alvin Kamara,NOR,30,11,131,471,1,39,33,186,0,2,100.7
2025,Isiah Pacheco,KAN,26,13,118,462,1,26,19,101,1,0,87.3
2025,Tyjae Spears,TEN,24,13,72,283,2,50,45,264,0,0,111.7
2025,Michael Carter,ARI,26,13,92,333,1,45,33,267,0,0,99
2025,Samaje Perine,CIN,30,15,84,382,3,21,17,87,0,2,77.9
2025,Brian Robinson Jr.,SFO,26,17,92,400,2,12,8,25,0,0,62.5
2025,Dylan Sampson,CLE,21,15,65,175,0,40,33,271,2,1,87.6
2025,Ray Davis,BUF,26,17,58,275,0,13,10,86,2,0,64.1
2025,Tank Bigsby,2TM,24,17,63,356,2,4,3,32,0,0,53.8
2025,Isaiah Davis,NYJ,23,16,43,236,1,28,21,186,0,0,71.2
2025,Jeremy McNichols,WAS,30,17,44,221,1,31,25,196,0,1,72.7
2025,Ollie Gordon,MIA,21,17,70,199,3,9,7,32,1,0,54.1
2025,Keaton Mitchell,BAL,23,13,59,341,1,12,9,63,0,0,55.4
2025,Emari Demercado,ARI,26,13,44,312,0,20,13,101,1,1,58.3
2025,Justice Hill,BAL,28,10,18,93,2,27,21,169,1,0,65.2
2025,Devin Neal,NOR,22,10,57,206,2,19,17,104,0,0,60
2025,Jaylen Wright,MIA,22,10,70,288,2,9,5,44,0,1,48.2
2025,Malik Davis,DAL,27,10,52,250,2,5,2,16,0,0,40.6
2025,Brashard Smith,KAN,22,17,44,151,0,35,25,172,1,0,63.3
2025,Audric Estime,NOR,22,7,46,198,1,13,12,103,0,0,48.1
2025,Kendre Miller,NOR,23,7,47,193,1,5,5,30,0,0,33.3
2025,Jaleel McLaughlin,DEN,25,8,37,187,1,6,4,27,0,0,31.4
2025,James Conner,ARI,30,3,32,95,1,9,8,38,1,0,33.3
2025,Zavier Scott,MIN,26,16,32,114,0,16,14,98,1,1,39.2
2025,Hunter Luepke,DAL,25,17,16,71,0,15,13,109,1,0,37
2025,Trey Benson,ARI,23,4,29,160,0,16,13,64,0,0,35.4
2025,Ameer Abdullah,IND,32,13,14,60,1,17,16,99,0,1,35.9
2025,Chris Brooks,GNB,25,17,27,106,0,17,13,91,0,0,32.7
2025,Jerome Ford,CLE,26,13,24,73,0,32,26,103,0,0,43.6
2025,Tyler Badie,DEN,25,16,8,23,0,31,19,141,0,0,35.4
